t_s,gx,gy,gz,ax,ay,az,roll_deg,pitch_deg,yaw_deg
0.01,0.00574,-0.00972,0.00422,0.1033,0.3497,10.0160,0.000,0.000,0.000
0.02,0.00813,-0.00826,0.00340,0.2074,0.4753,9.6391,0.000,0.000,0.000
0.03,0.00472,-0.00967,0.00652,-0.0400,-0.2506,9.5639,0.000,0.000,0.000
0.04,0.00082,-0.00176,0.00244,0.0745,0.0324,9.8842,0.000,0.000,0.000
0.05,0.00433,-0.00713,0.00154,-0.0691,0.2633,9.6758,0.000,0.000,0.000
0.06,0.00273,-0.00794,-0.00192,0.1165,0.3676,10.1290,0.000,0.000,0.000
0.07,0.00675,-0.00370,0.00157,0.0172,0.1554,10.0132,0.000,0.000,0.000
0.08,0.00714,-0.00368,0.00128,0.0310,-0.3417,9.9252,0.000,0.000,0.000
0.09,0.00162,-0.01270,0.00244,-0.3130,-0.0262,9.8994,0.000,0.000,0.000
0.10,-0.00300,-0.00271,0.00324,-0.1670,0.1429,9.3257,0.000,0.000,0.000
0.11,0.00447,-0.00845,0.00636,0.2933,0.3457,9.7437,0.000,0.000,0.000
0.12,0.00429,-0.00260,0.00482,0.3727,0.2745,10.3199,0.000,0.000,0.000
0.13,0.00800,-0.00280,-0.00005,-0.0847,0.1911,9.4687,0.000,0.000,0.000
0.14,0.00329,0.00133,0.00245,-0.1534,0.0271,9.9440,0.000,0.000,0.000
0.15,0.00253,0.00053,0.00338,0.1839,0.0798,9.7715,0.000,0.000,0.000
0.16,0.00187,-0.00409,-0.00035,-0.3420,-0.0680,9.9714,0.000,0.000,0.000
0.17,0.00420,-0.00226,0.00332,-0.0573,0.2907,9.8970,0.000,0.000,0.000
0.18,0.00008,-0.00251,0.00524,-0.0145,0.0461,9.6686,0.000,0.000,0.000
0.19,0.00606,-0.00475,0.00897,0.0638,0.1235,9.9436,0.000,0.000,0.000
0.20,0.00711,-0.00223,0.00266,0.1125,-0.0509,9.5870,0.000,0.000,0.000
0.21,0.00281,-0.00561,-0.00116,-0.4244,0.3560,10.0387,0.000,0.000,0.000
0.22,0.00128,-0.00093,0.00638,0.2814,-0.2302,10.3027,0.000,0.000,0.000
0.23,0.00689,-0.00253,0.00959,-0.0798,0.4496,9.2042,0.000,0.000,0.000
0.24,0.01273,-0.00434,0.00765,-0.0209,-0.1849,9.5072,0.000,0.000,0.000
0.25,-0.00160,-0.00823,0.00223,-0.0319,0.1125,9.8752,0.000,0.000,0.000
0.26,0.00504,-0.00673,0.00130,-0.1718,0.8540,9.7753,0.000,0.000,0.000
0.27,0.01058,-0.00838,0.00013,-0.0052,-0.1253,9.7531,0.000,0.000,0.000
0.28,0.00438,-0.01032,0.00893,0.0261,-0.0478,10.2468,0.000,0.000,0.000
0.29,0.00574,-0.00152,0.00564,0.2580,0.1213,9.6110,0.000,0.000,0.000
0.30,0.01039,-0.01034,0.00275,-0.3123,-0.2765,10.1920,0.000,0.000,0.000
0.31,0.00413,-0.00917,0.00671,-0.2364,0.0480,9.2800,0.000,0.000,0.000
0.32,0.00244,-0.00587,0.00372,-0.0950,0.3699,9.3273,0.000,0.000,0.000
0.33,0.00711,-0.00637,0.00405,-0.2931,0.3421,9.5591,0.000,0.000,0.000
0.34,0.00032,-0.00370,0.00327,0.1436,0.4594,9.9888,0.000,0.000,0.000
0.35,0.00502,-0.00740,-0.00110,-0.1487,-0.1788,9.8211,0.000,0.000,0.000
0.36,0.00596,-0.00863,0.00615,-0.5777,0.1746,10.1043,0.000,0.000,0.000
0.37,0.01068,-0.00242,0.00263,0.2413,0.1331,9.8407,0.000,0.000,0.000
0.38,0.00562,-0.00618,0.00247,0.3009,-0.0922,9.5218,0.000,0.000,0.000
0.39,0.00236,-0.00417,0.00397,-0.1552,0.6153,10.0083,0.000,0.000,0.000
0.40,0.00696,-0.00881,0.00532,0.2589,0.1964,10.1838,0.000,0.000,0.000
0.41,0.00471,-0.00309,0.00086,-0.0685,-0.3206,9.3695,0.000,0.000,0.000
0.42,0.00790,-0.00956,0.00648,-0.2377,-0.3953,9.5701,0.000,0.000,0.000
0.43,0.00038,-0.01033,0.00151,-0.1473,-0.1937,9.9639,0.000,0.000,0.000
0.44,0.00233,-0.00676,0.00305,0.0332,-0.2358,9.5444,0.000,0.000,0.000
0.45,-0.00042,-0.00515,0.00019,0.1171,-0.0331,9.2030,0.000,0.000,0.000
0.46,0.00583,-0.00969,0.00527,0.0093,0.1344,9.6363,0.000,0.000,0.000
0.47,-0.00062,-0.00519,0.00298,-0.2034,0.3131,9.5527,0.000,0.000,0.000
0.48,0.00297,-0.00501,0.00003,0.2447,0.3341,10.1690,0.000,0.000,0.000
0.49,0.00714,-0.01074,0.00085,0.1507,-0.0379,9.6902,0.000,0.000,0.000
0.50,0.00577,-0.00315,0.00178,0.0165,-0.2431,9.9905,0.000,0.000,0.000
0.51,-0.00209,-0.00725,0.00555,0.3339,-0.1164,9.5018,0.000,0.000,0.000
0.52,0.00177,-0.00446,0.00018,0.1238,-0.1822,9.8808,0.000,0.000,0.000
0.53,0.00411,-0.01220,0.00038,0.5036,-0.1663,9.7583,0.000,0.000,0.000
0.54,-0.00380,-0.00634,0.00274,-0.1790,0.2277,10.0731,0.000,0.000,0.000
0.55,0.00351,-0.00165,-0.00059,0.1531,-0.2782,10.2326,0.000,0.000,0.000
0.56,0.00587,-0.00695,0.00482,0.6397,0.0788,9.8513,0.000,0.000,0.000
0.57,0.00344,-0.00515,0.00402,-0.2332,0.7070,9.6967,0.000,0.000,0.000
0.58,0.00979,-0.00444,0.00222,-0.0269,-0.0656,9.8107,0.000,0.000,0.000
0.59,0.00834,-0.01293,0.00125,-0.0743,0.3104,9.7835,0.000,0.000,0.000
0.60,0.00614,-0.00582,0.00160,-0.0534,-0.0912,9.8317,0.000,0.000,0.000
0.61,0.00769,-0.00513,0.00454,0.0511,0.0199,10.1946,0.000,0.000,0.000
0.62,-0.00274,-0.00156,-0.00025,-0.2661,-0.1582,9.9612,0.000,0.000,0.000
0.63,0.01035,-0.00415,0.00499,-0.0058,-0.1611,9.8690,0.000,0.000,0.000
0.64,0.00523,-0.00564,-0.00391,0.4711,-0.2530,10.0190,0.000,0.000,0.000
0.65,0.00364,-0.00589,0.00585,-0.4343,-0.2594,9.3950,0.000,0.000,0.000
0.66,0.00437,-0.01148,-0.00123,0.1076,-0.3784,10.0475,0.000,0.000,0.000
0.67,0.00496,-0.00348,0.00471,0.2426,0.0119,9.7602,0.000,0.000,0.000
0.68,0.00588,-0.00672,0.00229,-0.4956,0.2234,9.8382,0.000,0.000,0.000
0.69,0.00701,-0.01027,-0.00111,0.1689,0.4527,9.9997,0.000,0.000,0.000
0.70,0.00313,-0.00988,0.00295,-0.0992,0.4917,9.6092,0.000,0.000,0.000
0.71,0.00930,-0.00436,0.00436,-0.2227,-0.0755,9.8525,0.000,0.000,0.000
0.72,0.00224,-0.00194,0.00278,0.0540,0.2780,9.9248,0.000,0.000,0.000
0.73,0.00645,0.00171,0.00196,0.4415,-0.0617,9.8358,0.000,0.000,0.000
0.74,0.00340,-0.00110,0.00332,0.4643,-0.0846,9.9781,0.000,0.000,0.000
0.75,0.00512,-0.00732,-0.00053,0.2837,0.6920,9.6360,0.000,0.000,0.000
0.76,-0.00165,-0.00607,0.00256,-0.3513,-0.3756,10.3932,0.000,0.000,0.000
0.77,0.00964,-0.00705,-0.00074,0.4191,-0.0635,10.0134,0.000,0.000,0.000
0.78,0.00624,-0.00623,0.00175,0.4800,0.1215,9.9455,0.000,0.000,0.000
0.79,0.00052,-0.00459,0.00781,-0.0637,-0.0279,10.2760,0.000,0.000,0.000
0.80,0.00722,0.00096,0.00020,-0.1569,0.2031,9.8654,0.000,0.000,0.000
0.81,0.00430,-0.00556,0.00198,-0.0286,0.1202,9.2337,0.000,0.000,0.000
0.82,-0.00141,-0.00563,0.00404,0.1313,0.1348,9.2093,0.000,0.000,0.000
0.83,0.00320,0.00328,0.00411,-0.4218,-0.0930,9.6822,0.000,0.000,0.000
0.84,0.00710,-0.01021,0.00245,-0.1893,0.3969,9.9192,0.000,0.000,0.000
0.85,0.00100,-0.00603,0.00172,0.1831,0.2979,9.9561,0.000,0.000,0.000
0.86,0.00267,-0.00236,0.00754,0.4448,-0.1961,9.8281,0.000,0.000,0.000
0.87,0.00706,-0.00011,0.00636,-0.2498,0.0796,10.1746,0.000,0.000,0.000
0.88,0.00287,-0.00871,0.00689,-0.1685,0.0154,10.0350,0.000,0.000,0.000
0.89,0.00045,-0.00249,0.00202,0.0383,-0.0083,9.8139,0.000,0.000,0.000
0.90,0.00376,-0.00410,0.00150,-0.0015,0.1758,10.3970,0.000,0.000,0.000
0.91,0.00393,-0.00681,0.00684,0.4335,0.3194,9.6787,0.000,0.000,0.000
0.92,0.00320,-0.01025,0.00011,0.3557,0.5582,10.0615,0.000,0.000,0.000
0.93,0.00021,-0.00147,0.00723,0.0888,-0.1460,9.7652,0.000,0.000,0.000
0.94,0.00690,-0.00150,0.00380,0.2220,0.0680,10.2903,0.000,0.000,0.000
0.95,-0.00080,-0.00865,0.00302,-0.0624,0.3949,9.6997,0.000,0.000,0.000
0.96,0.00609,-0.00433,0.00351,-0.5855,0.2193,9.8917,0.000,0.000,0.000
0.97,0.00388,-0.00617,0.00652,-0.3196,0.5234,9.5914,0.000,0.000,0.000
0.98,0.00368,-0.00207,0.00780,-0.0533,0.7133,9.7908,0.000,0.000,0.000
0.99,0.00612,-0.00644,-0.00163,0.8191,0.0186,9.3634,0.000,0.000,0.000
1.00,0.00688,-0.00095,0.00060,0.0836,-0.1178,9.6745,0.000,0.000,0.000
1.01,0.00048,-0.00720,0.00906,0.0960,-0.5533,9.5008,0.000,0.000,0.000
1.02,0.00914,-0.00770,0.00205,0.2533,-0.3550,9.9314,0.000,0.000,0.000
1.03,0.00522,-0.00161,0.00845,-0.1709,-0.4205,9.3028,0.000,0.000,0.000
1.04,-0.00009,-0.00412,-0.00181,0.0849,-0.2164,9.6939,0.000,0.000,0.000
1.05,0.00492,-0.00665,0.00511,-0.0467,-0.5311,9.4415,0.000,0.000,0.000
1.06,0.00836,-0.00787,0.00676,0.2144,-0.2673,9.7052,0.000,0.000,0.000
1.07,0.00974,-0.00598,0.00069,0.4518,-0.1494,9.2794,0.000,0.000,0.000
1.08,0.00705,-0.00313,0.00636,-0.2466,-0.1149,9.4624,0.000,0.000,0.000
1.09,0.00165,-0.01001,0.00012,-0.0613,-0.3130,9.6754,0.000,0.000,0.000
1.10,0.00702,-0.00865,0.00080,0.4260,0.2287,9.5979,0.000,0.000,0.000
1.11,0.00501,-0.00442,0.00342,0.0758,0.0265,9.7521,0.000,0.000,0.000
1.12,-0.00647,-0.00760,0.00447,0.1707,-0.1702,9.5583,0.000,0.000,0.000
1.13,0.00646,-0.00475,0.00405,-0.2554,0.3727,9.6622,0.000,0.000,0.000
1.14,0.00715,-0.00859,0.00462,0.2369,0.1603,10.1145,0.000,0.000,0.000
1.15,0.01275,-0.00332,0.00665,-0.2852,-0.0626,9.6152,0.000,0.000,0.000
1.16,0.00458,-0.01162,-0.00126,0.1702,-0.1457,9.7095,0.000,0.000,0.000
1.17,0.00193,-0.00710,0.00792,0.2779,-0.2322,9.9018,0.000,0.000,0.000
1.18,0.00531,-0.00721,0.00457,0.7586,-0.1242,9.8824,0.000,0.000,0.000
1.19,0.01038,-0.00641,0.00486,0.3283,-0.1956,9.7440,0.000,0.000,0.000
1.20,0.00603,-0.00390,-0.00060,-0.5487,-0.0667,9.9759,0.000,0.000,0.000
1.21,0.00470,-0.00472,0.00701,0.2616,0.0840,9.5214,0.000,0.000,0.000
1.22,0.00226,-0.01052,0.00202,-0.1306,0.2043,9.4342,0.000,0.000,0.000
1.23,0.00462,-0.00738,0.00011,-0.4836,0.1297,10.0465,0.000,0.000,0.000
1.24,0.00622,-0.00713,0.00392,-0.1708,0.1188,9.5785,0.000,0.000,0.000
1.25,0.00070,-0.00600,0.00327,0.1570,0.3253,10.0825,0.000,0.000,0.000
1.26,0.00254,-0.00266,0.00452,0.0188,0.2502,9.5893,0.000,0.000,0.000
1.27,0.00380,-0.00438,0.00124,-0.6522,-0.0844,10.0775,0.000,0.000,0.000
1.28,0.00441,-0.00522,0.00320,0.2329,0.5810,9.6823,0.000,0.000,0.000
1.29,0.01031,-0.00727,0.00165,-0.1849,0.2598,9.7507,0.000,0.000,0.000
1.30,-0.00011,-0.00358,-0.00059,0.1474,-0.0639,9.6567,0.000,0.000,0.000
1.31,0.00852,-0.00245,0.00511,0.2854,-0.3006,9.8063,0.000,0.000,0.000
1.32,0.00303,-0.00915,-0.00066,0.0566,0.2061,9.9720,0.000,0.000,0.000
1.33,0.00264,-0.00247,0.00823,0.0610,-0.0280,9.4388,0.000,0.000,0.000
1.34,-0.00177,-0.00993,0.00091,-0.2303,-0.3639,9.5372,0.000,0.000,0.000
1.35,0.00117,-0.00058,0.00243,0.0714,-0.2349,9.8012,0.000,0.000,0.000
1.36,0.00679,-0.00943,0.00111,-0.1148,-0.0154,9.8773,0.000,0.000,0.000
1.37,0.00896,-0.00996,0.00478,0.4206,0.0910,9.0931,0.000,0.000,0.000
1.38,0.00652,-0.00654,0.01005,-0.1860,0.6242,9.7145,0.000,0.000,0.000
1.39,0.00367,-0.00909,-0.00067,-0.0711,0.0775,9.6714,0.000,0.000,0.000
1.40,0.00786,-0.00628,0.00276,0.1130,-0.1300,9.7281,0.000,0.000,0.000
1.41,0.00851,-0.00907,0.00045,-0.0097,0.1808,10.0614,0.000,0.000,0.000
1.42,0.00304,-0.00248,0.00238,0.2570,0.2767,10.1259,0.000,0.000,0.000
1.43,0.00823,-0.00902,0.00059,0.4192,-0.6384,9.5071,0.000,0.000,0.000
1.44,0.00396,-0.00518,0.00347,-0.0793,-0.0151,9.8587,0.000,0.000,0.000
1.45,0.00181,-0.00395,0.00080,0.2078,0.0762,9.6713,0.000,0.000,0.000
1.46,-0.00031,-0.00409,0.00602,0.3038,0.0578,9.8047,0.000,0.000,0.000
1.47,-0.00030,-0.00397,0.00481,0.0881,-0.1159,10.3262,0.000,0.000,0.000
1.48,0.00597,-0.00583,0.00450,-0.2699,0.1423,9.7784,0.000,0.000,0.000
1.49,0.00708,-0.00738,0.00618,-0.5143,-0.1584,9.5844,0.000,0.000,0.000
1.50,0.00567,-0.00292,0.00202,-0.2614,-0.2296,9.8503,0.000,0.000,0.000
1.51,-0.00279,-0.00788,0.00408,-0.1587,-0.1229,9.6837,0.000,0.000,0.000
1.52,0.00194,-0.01091,0.00185,0.2027,0.3617,10.2928,0.000,0.000,0.000
1.53,0.00414,-0.00445,0.00066,-0.0117,-0.1347,10.1601,0.000,0.000,0.000
1.54,-0.00109,-0.00216,0.00324,-0.4032,0.0801,9.9931,0.000,0.000,0.000
1.55,0.00460,-0.00593,0.00418,-0.1957,0.0364,10.2627,0.000,0.000,0.000
1.56,0.00374,-0.00911,-0.00047,-0.1551,-0.0331,9.9638,0.000,0.000,0.000
1.57,0.00119,-0.00459,0.00254,0.1548,0.0031,9.6974,0.000,0.000,0.000
1.58,-0.00133,-0.00189,0.00439,-0.4529,0.1650,9.9399,0.000,0.000,0.000
1.59,0.00829,-0.00325,-0.00092,-0.3347,0.2559,9.5436,0.000,0.000,0.000
1.60,0.00347,-0.00237,0.00034,0.2783,-0.0747,9.7989,0.000,0.000,0.000
1.61,0.00473,-0.00669,0.00385,-0.1160,0.2157,10.0698,0.000,0.000,0.000
1.62,0.00541,-0.00079,0.00425,-0.3250,-0.2634,9.7136,0.000,0.000,0.000
1.63,0.00085,-0.00630,0.00356,0.0181,-0.0070,9.6379,0.000,0.000,0.000
1.64,0.00956,-0.00205,0.00480,-0.2606,0.1798,9.4549,0.000,0.000,0.000
1.65,0.00530,-0.01119,0.00365,-0.5244,-0.0767,9.5375,0.000,0.000,0.000
1.66,0.00457,-0.00225,0.01097,-0.3434,0.1769,9.7999,0.000,0.000,0.000
1.67,0.00582,-0.00182,0.00393,-0.1258,0.0962,9.5931,0.000,0.000,0.000
1.68,0.00383,-0.00180,0.00306,-0.2717,-0.0418,10.2667,0.000,0.000,0.000
1.69,0.00413,-0.00728,0.00615,0.1023,0.0783,9.6434,0.000,0.000,0.000
1.70,0.00910,-0.01064,0.00564,0.4799,-0.0668,9.7087,0.000,0.000,0.000
1.71,0.00709,-0.00695,-0.00191,0.0644,0.3325,9.6635,0.000,0.000,0.000
1.72,-0.00510,-0.00450,-0.00305,-0.0246,-0.1386,9.7168,0.000,0.000,0.000
1.73,0.00033,-0.00542,0.00172,0.1867,0.5671,10.0867,0.000,0.000,0.000
1.74,0.00530,-0.00083,0.00127,-0.2213,0.3187,9.7265,0.000,0.000,0.000
1.75,0.00717,-0.00374,0.00564,-0.5710,-0.0261,10.0296,0.000,0.000,0.000
1.76,0.00490,-0.00536,0.00506,0.0631,-0.0570,9.4632,0.000,0.000,0.000
1.77,0.00523,-0.00691,0.00415,0.1664,0.1585,9.5447,0.000,0.000,0.000
1.78,0.00010,-0.00563,-0.00020,0.0658,0.3283,10.1730,0.000,0.000,0.000
1.79,0.00610,-0.00747,0.00643,0.0944,-0.1783,9.8970,0.000,0.000,0.000
1.80,0.00238,-0.00518,-0.00399,-0.0169,-0.2585,9.5490,0.000,0.000,0.000
1.81,0.00417,-0.00885,0.00387,0.1644,0.0249,9.7591,0.000,0.000,0.000
1.82,-0.00250,-0.00231,0.00588,-0.3683,-0.2542,9.4085,0.000,0.000,0.000
1.83,0.00105,-0.00641,0.00028,0.0541,-0.3630,9.8593,0.000,0.000,0.000
1.84,0.00024,-0.00426,0.00738,0.0551,-0.0662,9.3549,0.000,0.000,0.000
1.85,0.00925,-0.00345,0.00441,0.1721,-0.1741,9.4533,0.000,0.000,0.000
1.86,0.00208,-0.00126,0.00421,-0.3199,-0.0674,9.8193,0.000,0.000,0.000
1.87,0.01218,-0.00530,0.00666,-0.0170,-0.1927,9.9060,0.000,0.000,0.000
1.88,0.00451,-0.00902,0.00035,-0.1178,0.3831,9.5631,0.000,0.000,0.000
1.89,0.00462,-0.00795,0.00678,0.3929,-0.1836,9.7278,0.000,0.000,0.000
1.90,0.00386,-0.00504,-0.00053,0.1425,0.0099,9.6997,0.000,0.000,0.000
1.91,-0.00518,-0.00663,0.00467,-0.3780,-0.0858,9.6082,0.000,0.000,0.000
1.92,0.00445,-0.00485,0.00704,-0.0147,0.3136,9.8483,0.000,0.000,0.000
1.93,0.00476,-0.00527,0.00287,-0.0380,0.0753,9.9280,0.000,0.000,0.000
1.94,-0.00059,-0.00730,0.00620,0.2720,0.0597,9.9613,0.000,0.000,0.000
1.95,0.00254,-0.00373,0.00394,0.1682,0.2925,9.8117,0.000,0.000,0.000
1.96,0.00761,-0.00519,-0.00107,0.0865,-0.2480,10.0977,0.000,0.000,0.000
1.97,0.00456,-0.01078,0.00218,-0.1868,-0.1705,9.8464,0.000,0.000,0.000
1.98,0.00346,-0.00843,0.00627,0.1344,0.1603,10.1797,0.000,0.000,0.000
1.99,0.00510,-0.00545,0.00107,0.0051,0.1587,9.8140,0.000,0.000,0.000
2.00,0.00929,-0.00301,-0.00533,0.0187,-0.6168,9.8822,0.000,-0.000,0.000
2.01,0.00391,-0.00582,0.00356,0.0338,0.0620,9.9751,0.000,-0.000,-0.000
2.02,0.00508,-0.00443,0.00550,0.1126,0.1902,10.3322,0.002,-0.000,-0.000
2.03,0.01737,-0.00684,-0.00361,0.1462,-0.4459,9.9616,0.009,0.000,0.000
2.04,0.02791,-0.00713,0.00879,-0.3691,0.4739,9.6643,0.024,0.000,0.000
2.05,0.05748,-0.00375,0.00468,0.2629,0.1714,9.9845,0.052,0.000,0.000
2.06,0.08522,-0.00532,0.00678,-0.0921,-0.0634,9.3609,0.098,0.000,0.000
2.07,0.12290,-0.00506,0.00196,-0.1934,0.1693,9.5245,0.165,0.000,0.000
2.08,0.16858,-0.01024,0.00397,0.4768,-0.2681,9.8368,0.258,0.000,0.000
2.09,0.21023,-0.01173,0.00027,0.0501,0.0905,9.7846,0.379,0.000,0.000
2.10,0.27228,-0.00257,0.00310,-0.2624,0.3253,9.3214,0.530,0.000,0.000
2.11,0.32204,-0.00686,0.00288,-0.1223,0.4742,9.8199,0.713,0.000,0.000
2.12,0.38027,-0.00462,-0.00466,0.0170,-0.6776,9.8312,0.930,0.000,0.000
2.13,0.44244,-0.00508,0.00133,0.0700,0.3616,10.0525,1.180,0.000,0.000
2.14,0.50149,-0.00507,0.00462,-0.2012,-0.1802,9.9198,1.464,0.000,0.000
2.15,0.56018,-0.00603,0.00129,0.2172,0.4762,9.6419,1.779,0.000,0.000
2.16,0.61045,-0.00554,0.00277,-0.4226,0.3011,10.2327,2.126,0.000,0.000
2.17,0.66161,-0.00874,0.00065,0.2295,0.0343,9.6187,2.501,0.000,0.000
2.18,0.70861,-0.00523,0.00340,0.1230,-0.1252,10.3961,2.904,0.000,0.000
2.19,0.75259,-0.00974,0.00066,0.0798,-0.0197,9.2891,3.332,0.000,0.000
2.20,0.78764,0.00040,0.00165,0.3159,-0.1114,10.3431,3.781,0.000,0.000
2.21,0.82436,-0.00566,0.00293,-0.1060,0.0017,9.9663,4.251,0.000,0.000
2.22,0.85558,-0.00271,0.00728,0.0158,-0.0704,9.6527,4.737,0.000,0.000
2.23,0.87706,-0.00777,0.00127,-0.0586,-0.2033,9.7986,5.236,0.000,0.000
2.24,0.89962,-0.00921,0.00581,0.2263,0.0323,9.3944,5.747,0.000,0.000
2.25,0.91443,-0.00725,0.00085,-0.1505,0.2334,9.6101,6.266,0.000,0.000
2.26,0.92253,-0.00516,0.00337,-0.1295,0.0726,9.6761,6.791,0.000,0.000
2.27,0.92746,-0.00785,0.00122,0.1021,0.0731,10.4220,7.319,0.000,0.000
2.28,0.92341,-0.00829,0.00075,-0.2275,0.2680,9.8902,7.847,0.000,0.000
2.29,0.91850,0.00256,0.00363,0.1204,0.3208,9.9631,8.373,0.000,-0.000
2.30,0.91094,-0.00259,0.00492,-0.0525,0.0812,10.2655,8.896,0.000,-0.000
2.31,0.90478,-0.01338,0.00006,-0.1278,0.1975,9.8760,9.412,0.000,-0.000
2.32,0.88745,-0.00736,0.00291,-0.1619,-0.2710,10.2353,9.921,0.000,-0.000
2.33,0.87585,-0.00772,0.00003,0.1525,-0.1545,9.8843,10.420,0.000,-0.000
2.34,0.85830,-0.00335,0.00163,-0.2919,0.1867,10.0529,10.909,0.000,-0.000
2.35,0.83477,-0.00942,0.00579,0.1539,-0.1857,9.5621,11.386,0.000,-0.000
2.36,0.81420,-0.00651,0.00908,-0.1301,0.2715,9.7779,11.849,0.000,-0.000
2.37,0.78915,-0.00571,0.00674,-0.5074,0.3788,9.9705,12.299,0.000,-0.000
2.38,0.75988,-0.00860,0.00037,-0.0271,-0.2570,10.7105,12.734,0.000,-0.000
2.39,0.73577,-0.00435,0.00428,0.0061,0.2685,10.3293,13.153,0.000,-0.000
2.40,0.70645,-0.00240,0.00083,-0.4167,-0.4762,10.0651,13.557,-0.000,-0.000
2.41,0.67734,-0.00430,-0.00095,0.0498,-0.1232,10.1759,13.944,-0.000,-0.000
2.42,0.64732,-0.00941,0.00013,0.3978,0.2962,9.6753,14.315,-0.000,-0.000
2.43,0.62491,-0.01169,0.00692,-0.0780,0.0719,10.0351,14.670,-0.000,-0.000
2.44,0.59121,-0.00415,0.00090,0.1127,0.0976,10.0163,15.008,-0.000,-0.000
2.45,0.56443,-0.00418,0.00353,-0.2558,0.2467,9.9689,15.330,-0.000,-0.000
2.46,0.53687,-0.00749,0.00273,0.4607,0.1779,10.3099,15.635,-0.000,-0.000
2.47,0.51482,0.00027,0.00408,-0.0072,-0.0276,10.3541,15.925,-0.000,-0.000
2.48,0.47988,-0.00503,-0.00135,-0.0736,0.0151,10.4620,16.199,-0.000,-0.000
2.49,0.45306,-0.00168,0.00152,0.3315,0.1569,10.1840,16.458,-0.000,-0.000
2.50,0.43293,-0.00604,0.00869,-0.3066,-0.1454,10.3378,16.702,-0.000,-0.000
2.51,0.40180,-0.00702,0.00238,0.0033,0.2470,9.9943,16.932,-0.000,-0.000
2.52,0.38007,-0.00333,0.00244,0.1605,0.2031,10.0942,17.149,-0.000,-0.000
2.53,0.35410,-0.00490,0.00422,-0.1366,-0.0675,9.8184,17.351,-0.000,-0.000
2.54,0.33212,-0.00538,0.00272,-0.3040,-0.2678,10.2546,17.541,-0.000,-0.000
2.55,0.31367,-0.00846,0.00534,-0.1185,-0.1502,10.2003,17.719,-0.000,-0.000
2.56,0.29798,-0.00872,0.00590,0.0528,-0.2564,10.2221,17.886,-0.000,-0.000
2.57,0.27193,-0.00714,0.00559,0.2679,0.3247,10.1590,18.041,-0.000,-0.000
2.58,0.25482,-0.00107,0.00483,0.0071,-0.3213,10.4168,18.185,-0.000,-0.000
2.59,0.24115,-0.00396,0.00193,0.2780,-0.1114,10.5290,18.320,-0.000,-0.000
2.60,0.22116,-0.00574,0.00212,0.2452,-0.1147,10.0368,18.445,-0.000,-0.000
2.61,0.21171,-0.00504,0.00232,0.0160,0.0292,10.8186,18.561,-0.000,-0.000
2.62,0.19420,-0.00489,0.00003,0.1360,0.1517,10.2753,18.669,-0.000,-0.000
2.63,0.17539,-0.00366,0.00232,-0.1453,-0.0673,10.3837,18.769,-0.000,-0.000
2.64,0.16701,-0.00694,-0.00146,-0.0176,0.2446,10.2579,18.862,-0.000,-0.000
2.65,0.15106,-0.00618,0.00448,-0.0943,0.2825,10.3911,18.948,-0.000,-0.000
2.66,0.14652,-0.00353,0.00153,0.0639,-0.1818,10.1345,19.027,-0.000,-0.000
2.67,0.13177,-0.00801,0.00162,-0.1848,-0.0046,10.2798,19.100,-0.000,-0.000
2.68,0.12174,-0.00747,0.00329,0.1023,-0.0693,10.2239,19.168,-0.000,-0.000
2.69,0.11065,-0.00157,-0.00308,-0.1597,0.0324,10.3770,19.230,-0.000,-0.000
2.70,0.10432,-0.00369,-0.00253,0.2361,0.1344,10.5784,19.288,-0.000,-0.000
2.71,0.09872,-0.00847,0.00552,-0.2252,-0.1866,10.0399,19.341,-0.000,-0.000
2.72,0.08520,-0.00761,0.00528,-0.4191,-0.1944,10.5645,19.390,-0.000,-0.000
2.73,0.08618,-0.00003,0.00173,0.0231,-0.0222,10.2677,19.435,-0.000,-0.000
2.74,0.08021,-0.00466,0.00344,0.5407,0.1217,9.9395,19.476,-0.000,-0.000
2.75,0.07573,-0.00972,0.00385,0.4098,0.0920,10.3019,19.515,-0.000,-0.000
2.76,0.06409,-0.00822,0.00460,0.2075,-0.1497,10.1201,19.550,-0.000,-0.000
2.77,0.05748,-0.00536,0.00283,-0.4964,0.5777,10.5090,19.582,-0.000,-0.000
2.78,0.05375,-0.00913,0.00924,-0.1060,-0.1862,10.4213,19.612,-0.000,-0.000
2.79,0.04946,-0.00421,-0.00209,0.0997,-0.5794,10.7394,19.639,-0.000,-0.000
2.80,0.05297,-0.00936,0.00132,0.4011,0.0670,10.0757,19.665,-0.000,-0.000
2.81,0.04609,-0.00724,0.00498,-0.0244,-0.0951,10.2346,19.688,-0.000,-0.000
2.82,0.04123,-0.00004,0.00467,0.4517,0.3537,10.3814,19.710,-0.000,-0.000
2.83,0.03894,-0.00219,0.00266,-0.5325,0.3571,10.1255,19.729,-0.000,-0.000
2.84,0.04009,-0.00918,0.00341,0.1689,-0.2095,9.9846,19.748,-0.000,-0.000
2.85,0.03306,0.00122,0.00160,-0.2959,0.1019,9.9678,19.765,-0.000,-0.000
2.86,0.02939,-0.00700,-0.00198,-0.2150,0.6750,9.9138,19.780,-0.000,-0.000
2.87,0.03310,-0.00478,0.00094,0.2939,0.1732,10.2411,19.795,-0.000,-0.000
2.88,0.03110,-0.00418,0.00406,-0.1443,0.6575,10.9424,19.808,-0.000,-0.000
2.89,0.02411,-0.00005,0.00331,0.0563,-0.1641,10.3981,19.820,-0.000,-0.000
2.90,0.02344,-0.00397,0.00664,0.4421,-0.0133,10.5217,19.832,-0.000,-0.000
2.91,0.02282,-0.01405,0.00589,-0.1065,0.0470,10.8866,19.843,-0.000,-0.000
2.92,0.02254,-0.00771,0.00547,-0.4097,0.1321,10.6478,19.853,-0.000,-0.000
2.93,0.01913,-0.00353,0.00519,0.1730,0.7983,10.5149,19.862,-0.000,-0.000
2.94,0.02056,-0.00808,-0.00329,-0.0380,0.4310,10.2025,19.870,-0.000,-0.000
2.95,0.01676,-0.00707,0.00024,-0.0154,-0.0976,9.9640,19.878,-0.000,-0.000
2.96,0.02066,-0.00587,0.00696,0.5691,0.5808,9.9941,19.886,-0.000,-0.000
2.97,0.01670,0.00002,0.00458,-0.0616,0.4419,11.0675,19.893,-0.000,-0.000
2.98,0.01860,-0.00373,0.00884,-0.2543,0.1956,10.4620,19.899,-0.000,-0.000
2.99,0.01936,-0.00805,0.00043,-0.1843,0.5459,9.9305,19.905,-0.000,-0.000
3.00,0.01542,-0.00867,0.00936,0.0311,0.5591,10.4209,19.911,-0.000,-0.000
3.01,0.02023,-0.00389,0.00592,-0.0274,0.5222,10.5039,19.916,-0.000,-0.000
3.02,0.00371,-0.00359,0.00438,0.0586,0.1483,10.6957,19.917,-0.000,-0.000
3.03,-0.00788,-0.00204,0.00564,-0.1553,-0.0728,10.7223,19.909,-0.000,-0.000
3.04,-0.04657,0.00007,0.00019,0.1781,-0.0005,10.7041,19.883,-0.000,-0.000
3.05,-0.08872,-0.01179,0.00955,0.5823,0.4689,10.5546,19.830,-0.000,-0.000
3.06,-0.14522,-0.00299,0.00487,0.0406,0.3530,10.1993,19.743,-0.000,-0.000
3.07,-0.22860,-0.00007,0.00865,0.0267,0.8697,9.9296,19.611,-0.000,-0.000
3.08,-0.32111,-0.00642,0.00426,-0.1843,0.3914,10.6906,19.430,-0.000,-0.000
3.09,-0.42086,-0.00127,0.00270,0.2457,0.5070,10.5409,19.191,-0.000,-0.000
3.10,-0.52386,-0.00943,0.00239,0.2067,0.3877,10.3131,18.892,-0.000,-0.000
3.11,-0.63409,-0.00865,-0.00385,-0.1521,0.3685,10.1377,18.528,-0.000,-0.000
3.12,-0.75317,-0.00956,0.00832,0.2742,0.0584,10.1824,18.097,-0.000,-0.000
3.13,-0.87050,-0.00962,-0.00244,-0.3113,0.4278,10.0943,17.599,-0.000,-0.000
3.14,-0.98427,-0.00429,0.00153,0.0084,-0.0388,10.0392,17.035,-0.000,-0.000
3.15,-1.09709,-0.00208,0.00160,-0.1963,0.3249,9.8780,16.406,-0.000,-0.000
3.16,-1.20651,-0.00048,0.00138,-0.1217,0.1264,10.2174,15.715,-0.000,-0.000
3.17,-1.30810,-0.01029,0.00322,-0.0396,0.1480,10.5949,14.966,-0.000,-0.000
3.18,-1.40218,-0.00118,-0.00065,-0.1693,0.4064,10.5016,14.162,-0.000,-0.000
3.19,-1.48662,-0.00808,-0.00486,0.1845,0.1406,10.0840,13.309,-0.000,-0.000
3.20,-1.56357,-0.00111,0.00677,0.0392,0.0366,10.2169,12.411,-0.000,-0.000
3.21,-1.63415,0.00054,0.00724,0.1630,0.3866,10.3508,11.474,-0.000,-0.000
3.22,-1.69844,-0.00441,0.00273,0.3200,0.6066,9.6551,10.504,-0.000,-0.000
3.23,-1.74264,-0.00741,0.00185,-0.2364,0.1340,10.0184,9.506,-0.000,-0.000
3.24,-1.77758,-0.01027,0.00775,0.2664,0.6109,9.9021,8.486,-0.000,-0.000
3.25,-1.80650,-0.00594,-0.00495,-0.0809,0.6079,9.9288,7.450,-0.000,-0.000
3.26,-1.82458,-0.00680,0.00025,0.2869,0.7385,9.6166,6.402,-0.000,-0.000
3.27,-1.83912,-0.00245,0.00165,-0.0049,0.6218,9.7248,5.349,-0.000,-0.000
3.28,-1.84277,-0.00725,0.00732,-0.2592,0.6283,10.1359,4.294,-0.000,-0.000
3.29,-1.83444,-0.00400,0.00172,-0.5139,1.0306,10.1083,3.243,-0.000,-0.000
3.30,-1.81772,-0.00812,0.00607,-0.3885,0.4926,10.0812,2.200,-0.000,-0.000
3.31,-1.79320,-0.01342,-0.00325,0.1468,0.9297,9.9267,1.168,-0.000,-0.000
3.32,-1.76478,-0.00464,0.00480,-0.2503,0.4666,9.7543,0.152,-0.000,-0.000
3.33,-1.73308,-0.00429,-0.00425,0.6475,0.4363,9.5383,-0.846,-0.000,-0.000
3.34,-1.69612,-0.00342,0.00645,-0.2633,0.6149,10.3088,-1.822,-0.000,-0.000
3.35,-1.65441,0.00166,0.00300,0.1963,0.8054,9.9187,-2.774,-0.000,-0.000
3.36,-1.61013,-0.00848,-0.00045,0.2786,0.2123,10.0664,-3.700,-0.000,-0.000
3.37,-1.55453,-0.00297,0.00353,0.0330,0.4060,9.9050,-4.599,-0.000,-0.000
3.38,-1.50721,-0.00144,0.00100,0.1471,0.2374,10.0106,-5.467,-0.000,-0.000
3.39,-1.45795,-0.00806,0.00542,-0.1432,0.6029,9.6239,-6.306,-0.000,-0.000
3.40,-1.40150,-0.00788,-0.00032,0.5240,0.4470,9.8463,-7.112,-0.000,-0.000
3.41,-1.33859,-0.00470,0.00304,-0.0881,0.1342,9.8238,-7.886,-0.000,-0.000
3.42,-1.28642,-0.00428,0.00709,0.0446,0.1355,10.1486,-8.628,-0.000,-0.000
3.43,-1.23141,-0.00774,0.00657,0.4222,0.4742,9.8905,-9.337,-0.000,-0.000
3.44,-1.17380,-0.00476,0.00326,-0.0093,0.2977,9.7663,-10.013,-0.000,-0.000
3.45,-1.11871,-0.00774,-0.00053,-0.2270,0.5980,10.3067,-10.656,-0.000,-0.000
3.46,-1.05636,-0.00652,-0.00084,0.3865,0.4825,9.7914,-11.268,-0.000,-0.000
3.47,-1.00531,-0.00170,0.00453,0.2113,0.5318,9.8301,-11.847,-0.000,-0.000
3.48,-0.95061,-0.00136,-0.00009,0.1437,0.1939,10.0076,-12.395,-0.000,-0.000
3.49,-0.89832,-0.00373,0.00255,-0.0428,0.3192,9.5587,-12.913,-0.000,-0.000
3.50,-0.84942,-0.01016,0.00300,-0.1038,0.5960,9.9785,-13.402,-0.000,-0.000
3.51,-0.78873,-0.00642,0.00471,0.3669,0.1272,10.0090,-13.862,-0.000,-0.000
3.52,-0.75152,-0.00686,-0.00024,0.2710,0.3377,9.9469,-14.294,-0.000,-0.000
3.53,-0.70620,-0.00743,0.00325,0.4786,0.3713,10.1699,-14.700,-0.000,-0.000
3.54,-0.66284,-0.00017,0.00122,0.2008,0.4918,9.6335,-15.080,-0.000,-0.000
3.55,-0.61377,-0.00341,0.00505,-0.0119,-0.0284,10.0102,-15.436,-0.000,-0.000
3.56,-0.57538,-0.00995,0.00500,-0.0803,0.3012,10.0857,-15.769,-0.000,-0.000
3.57,-0.53317,-0.00379,0.00735,0.2323,0.2637,10.0248,-16.079,-0.000,-0.000
3.58,-0.49804,-0.00906,-0.00423,0.2285,0.0654,10.4323,-16.369,-0.000,-0.000
3.59,-0.46370,-0.00794,-0.00009,0.3232,0.1393,10.9898,-16.638,-0.000,-0.000
3.60,-0.42825,0.00001,0.00787,-0.2559,0.4088,10.4974,-16.889,-0.000,-0.000
3.61,-0.39980,-0.00179,0.00698,-0.2389,0.4895,9.7436,-17.121,-0.000,-0.000
3.62,-0.37085,-0.00550,0.00374,0.2543,0.4316,10.3492,-17.337,-0.000,-0.000
3.63,-0.34720,-0.01038,0.00000,0.0938,0.0676,10.4216,-17.538,-0.000,-0.000
3.64,-0.32800,-0.00504,0.00532,-0.1532,-0.0067,10.0118,-17.723,-0.000,0.000
3.65,-0.29944,-0.00536,0.00559,-0.1947,0.2718,10.1320,-17.895,-0.000,0.000
3.66,-0.27322,-0.01087,0.00334,-0.1484,0.1107,10.7349,-18.053,-0.000,0.000
3.67,-0.25016,-0.00773,0.00249,0.0732,0.5787,10.7114,-18.200,-0.000,0.000
3.68,-0.23080,-0.00495,0.00304,-0.2045,0.2491,10.2328,-18.335,-0.000,0.000
3.69,-0.20709,-0.00396,0.00350,-0.0119,0.5439,10.2716,-18.460,-0.000,0.000
3.70,-0.19822,-0.01035,-0.00046,-0.5035,0.4368,10.3335,-18.575,-0.000,0.000
3.71,-0.18381,-0.00258,0.00977,-0.2404,0.2997,10.3751,-18.682,-0.000,0.000
3.72,-0.16689,-0.00605,0.00240,0.3423,0.3004,10.5672,-18.779,-0.000,0.000
3.73,-0.15242,-0.00977,-0.00042,-0.2527,0.0175,10.4840,-18.870,-0.000,0.000
3.74,-0.13550,-0.00271,0.00730,0.1215,0.1658,10.7064,-18.953,-0.000,0.000
3.75,-0.12676,-0.00728,0.00069,-0.1384,-0.0600,10.1540,-19.029,-0.000,0.000
3.76,-0.12223,-0.00910,0.00109,-0.2478,0.3286,10.2966,-19.099,-0.000,0.000
3.77,-0.11239,-0.00595,0.00342,-0.0511,-0.2730,10.4640,-19.164,-0.000,0.000
3.78,-0.09483,-0.00934,0.00372,0.3933,0.4826,10.2386,-19.224,-0.000,0.000
3.79,-0.08978,-0.00892,0.00296,-0.2311,-0.3831,10.7359,-19.279,-0.000,0.000
3.80,-0.08238,-0.00890,0.00755,0.0428,-0.1783,10.6598,-19.330,-0.000,0.000
3.81,-0.07647,-0.00536,0.00095,-0.1593,-0.1926,10.5327,-19.376,-0.000,0.000
3.82,-0.07538,-0.00384,-0.00025,-0.1777,0.3091,10.2222,-19.419,-0.000,0.000
3.83,-0.06283,-0.01311,0.00631,0.0452,0.3006,10.4683,-19.459,-0.000,0.000
3.84,-0.05709,-0.00797,0.00681,0.0193,0.5232,10.4013,-19.496,-0.000,0.000
3.85,-0.05439,-0.00476,-0.00027,0.2322,-0.1187,10.7610,-19.529,-0.000,0.000
3.86,-0.05521,-0.00709,0.00065,-0.0599,0.0062,10.5841,-19.561,-0.000,0.000
3.87,-0.04737,-0.01341,0.00062,-0.0383,0.9248,10.4697,-19.590,-0.000,0.000
3.88,-0.04261,-0.01061,0.00525,0.1182,0.2543,10.3975,-19.616,-0.000,0.000
3.89,-0.04106,-0.00202,0.00580,-0.1223,-0.0674,10.1913,-19.641,-0.000,0.000
3.90,-0.03601,-0.00465,0.00537,-0.0133,0.5494,10.3133,-19.664,-0.000,0.000
3.91,-0.02738,-0.00814,0.00209,0.2525,0.3584,9.9752,-19.685,-0.000,0.000
3.92,-0.02953,-0.00764,0.00391,-0.1104,-0.4268,10.0200,-19.705,-0.000,0.000
3.93,-0.03141,-0.00155,0.00013,-0.4761,-0.3828,10.2854,-19.724,-0.000,0.000
3.94,-0.02375,-0.01016,0.00179,0.3273,0.5662,10.7966,-19.741,-0.000,0.000
3.95,-0.02547,-0.01117,0.00310,-0.3070,0.2032,10.1971,-19.757,-0.000,0.000
3.96,-0.01830,0.00104,0.00692,0.2775,0.0401,10.2246,-19.772,-0.000,0.000
3.97,-0.01821,-0.00334,0.00639,0.1945,0.2810,10.4438,-19.785,-0.000,0.000
3.98,-0.01972,-0.00641,0.00330,-0.2577,-0.2332,10.8951,-19.798,-0.000,0.000
3.99,-0.01577,-0.00740,0.01017,0.0713,-0.3684,10.6165,-19.811,-0.000,0.000
4.00,-0.01810,-0.00260,-0.00218,-0.3462,0.0014,9.8955,-19.822,-0.000,0.000
4.01,-0.01535,-0.00332,0.00332,-0.0263,0.2198,10.4438,-19.832,-0.000,0.000
4.02,-0.00561,0.00140,0.00319,0.0205,-0.0943,10.1534,-19.841,-0.000,0.000
4.03,-0.00225,-0.00782,0.00165,-0.4695,0.0608,10.3830,-19.843,-0.000,0.000
4.04,0.02114,-0.00677,0.00127,-0.2561,0.0416,10.3776,-19.837,-0.000,0.000
4.05,0.03993,-0.01003,0.00467,0.1003,0.1619,10.9584,-19.817,-0.000,0.000
4.06,0.07642,-0.00415,0.00310,-0.0172,0.2604,10.5022,-19.779,-0.000,0.000
4.07,0.11414,-0.00329,0.00406,-0.1579,0.6759,10.6399,-19.719,-0.000,0.000
4.08,0.15326,-0.00902,0.00466,-0.0714,0.2547,10.2648,-19.633,-0.000,0.000
4.09,0.20535,-0.00742,0.00666,0.1400,-0.2245,10.1183,-19.519,-0.000,0.000
4.10,0.26534,-0.00481,0.00571,-0.0558,-0.0727,10.6823,-19.374,-0.000,0.000
4.11,0.32160,-0.00648,0.00473,0.0375,0.1312,10.7066,-19.196,-0.000,0.000
4.12,0.37648,-0.01338,0.00479,-0.0104,-0.3381,10.5306,-18.985,-0.000,0.000
4.13,0.43472,-0.00781,0.00424,-0.1251,0.1921,10.1385,-18.740,-0.000,0.000
4.14,0.49008,-0.00974,0.00362,-0.2831,0.4710,10.3252,-18.461,-0.000,0.000
4.15,0.55150,-0.01075,0.00472,-0.1499,0.0562,10.1452,-18.150,-0.000,0.000
4.16,0.60255,-0.00721,0.00304,-0.2221,-0.5376,10.1217,-17.808,-0.000,0.000
4.17,0.65741,-0.00707,0.00172,0.4915,-0.0122,10.4920,-17.436,-0.000,0.000
4.18,0.70560,-0.00185,0.00336,-0.4172,-0.4135,10.2158,-17.037,-0.000,0.000
4.19,0.74921,-0.00419,0.00206,-0.1052,-0.0717,10.2174,-16.613,-0.000,0.000
4.20,0.78312,-0.00258,-0.00042,-0.1830,0.1605,10.2282,-16.167,-0.000,0.000
4.21,0.81844,-0.00516,0.00617,0.3085,0.0011,10.6224,-15.701,-0.000,0.000
4.22,0.85181,-0.00450,0.00062,-0.1524,-0.0611,9.9904,-15.218,-0.000,0.000
4.23,0.87439,-0.00308,0.00346,0.0382,-0.3000,10.7506,-14.721,-0.000,0.000
4.24,0.89636,-0.00249,0.00450,-0.0275,0.0206,10.2531,-14.213,-0.000,0.000
4.25,0.90819,-0.00876,0.00573,0.2834,0.3710,10.0423,-13.697,-0.000,0.000
4.26,0.91891,-0.00580,0.00385,-0.3966,-0.1865,9.7831,-13.175,-0.000,0.000
4.27,0.92616,-0.00669,0.00035,-0.3477,0.1309,9.9520,-12.649,-0.000,0.000
4.28,0.92220,-0.00449,0.00797,-0.0585,-0.4886,10.1269,-12.124,-0.000,0.000
4.29,0.91527,-0.00484,0.00310,-0.1487,0.3661,10.1823,-11.599,-0.000,0.000
4.30,0.91095,0.00093,0.00458,-0.1671,0.3799,10.1217,-11.079,-0.000,0.000
4.31,0.89802,-0.00777,0.00685,-0.1239,0.4090,9.7938,-10.565,-0.000,0.000
4.32,0.89118,-0.00969,-0.00302,0.0343,-0.2951,10.1104,-10.058,-0.000,0.000
4.33,0.87141,-0.01006,0.00453,-0.0120,-0.0493,9.8239,-9.560,-0.000,0.000
4.34,0.85522,-0.00277,0.00258,0.1010,0.1549,9.8627,-9.073,-0.000,0.000
4.35,0.83091,-0.01010,0.00509,0.0583,0.3014,9.9550,-8.598,-0.000,0.000
4.36,0.81347,-0.00095,0.00323,-0.0636,0.1432,10.1957,-8.136,-0.000,0.000
4.37,0.78102,-0.00689,0.00312,0.0751,-0.0335,10.0763,-7.687,-0.000,0.000
4.38,0.75634,-0.00592,0.00695,-0.2798,-0.1466,9.6503,-7.254,-0.000,0.000
4.39,0.73965,-0.00553,0.00214,0.0871,-0.0773,9.4718,-6.835,-0.000,0.000
4.40,0.70789,-0.00555,0.00332,-0.1711,-0.1392,10.0802,-6.433,-0.000,0.000
4.41,0.67684,-0.00882,0.00497,-0.2369,-0.0287,9.6966,-6.047,-0.000,0.000
4.42,0.64853,-0.00490,0.00741,-0.3527,-0.1138,9.8760,-5.676,-0.000,0.000
4.43,0.62334,-0.00801,0.00707,-0.4097,0.0353,9.4200,-5.323,-0.000,0.000
4.44,0.58496,-0.00643,0.00207,0.1428,0.0854,10.0558,-4.985,-0.000,0.000
4.45,0.56249,-0.01173,-0.00067,0.1861,-0.0239,9.9761,-4.664,-0.000,0.000
4.46,0.53646,-0.00912,0.00584,-0.1006,-0.1929,9.5153,-4.359,-0.000,0.000
4.47,0.50532,-0.01325,0.00283,0.0819,-0.7594,9.6697,-4.070,-0.000,0.000
4.48,0.47961,-0.00553,0.00201,-0.2007,-0.0396,9.9135,-3.796,-0.000,0.000
4.49,0.45245,-0.00296,0.00084,-0.1664,-0.1976,9.7671,-3.538,-0.000,0.000
4.50,0.42811,-0.01155,0.00637,-0.3075,-0.0790,9.9407,-3.294,-0.000,0.000
4.51,0.40511,-0.00530,-0.00030,-0.2207,0.1990,9.6017,-3.064,-0.000,0.000
4.52,0.38314,-0.00914,0.00078,-0.0839,-0.1556,10.0034,-2.848,-0.000,0.000
4.53,0.35486,-0.00090,0.00238,0.2715,-0.0848,9.8962,-2.646,-0.000,0.000
4.54,0.33600,-0.00318,0.00230,0.0276,-0.0664,10.1981,-2.456,-0.000,0.000
4.55,0.31165,-0.00496,0.00101,0.1873,0.0863,9.7475,-2.278,-0.000,0.000
4.56,0.29137,-0.00562,0.00266,-0.0245,-0.1218,9.6865,-2.112,-0.000,0.000
4.57,0.26866,-0.00143,-0.00122,0.4072,-0.3021,9.4439,-1.957,-0.000,0.000
4.58,0.25716,-0.00526,0.00450,-0.3264,0.0678,9.2961,-1.813,-0.000,0.000
4.59,0.24011,-0.00165,0.00019,-0.2197,-0.1853,10.0138,-1.678,-0.000,0.000
4.60,0.22585,-0.00516,0.00218,-0.1990,-0.0850,10.0128,-1.553,-0.000,0.000
4.61,0.20606,-0.00251,0.00557,0.1647,-0.3730,10.0231,-1.437,-0.000,0.000
4.62,0.19254,-0.00606,0.00735,-0.0160,-0.0870,9.3497,-1.329,-0.000,0.000
4.63,0.17738,-0.00146,0.00340,-0.0350,-0.1676,10.0852,-1.229,-0.000,0.000
4.64,0.16266,-0.00094,0.00514,0.3968,-0.3463,9.7508,-1.136,-0.000,0.000
4.65,0.14919,-0.00807,0.00240,-0.2061,-0.1584,10.1208,-1.051,-0.000,0.000
4.66,0.13558,-0.00568,0.00215,0.0108,-0.1903,10.1517,-0.971,-0.000,0.000
4.67,0.13212,-0.00666,-0.00107,-0.1416,-0.1355,9.0922,-0.898,-0.000,0.000
4.68,0.11557,-0.00479,0.01009,0.3605,0.1281,9.4539,-0.830,-0.000,0.000
4.69,0.11423,-0.00333,0.00025,-0.1273,0.1619,10.0116,-0.768,-0.000,0.000
4.70,0.10616,-0.00565,0.00109,0.0881,0.0042,9.8277,-0.711,-0.000,0.000
4.71,0.09699,-0.00552,0.00577,-0.0260,0.3836,9.5550,-0.658,-0.000,0.000
4.72,0.08696,-0.00165,-0.00058,-0.3051,0.3978,9.8348,-0.609,-0.000,0.000
4.73,0.07856,-0.00959,-0.00131,-0.2342,0.1227,9.6090,-0.564,-0.000,0.000
4.74,0.07598,-0.00075,0.00077,0.0896,-0.1097,9.5515,-0.522,-0.000,0.000
4.75,0.06545,-0.00275,0.00126,-0.2230,0.5572,9.4335,-0.484,-0.000,0.000
4.76,0.06427,-0.00296,0.00520,-0.2515,0.2778,9.5341,-0.449,-0.000,0.000
4.77,0.05976,-0.00374,-0.00130,-0.0685,0.0455,9.4954,-0.417,-0.000,0.000
4.78,0.05807,-0.00677,-0.00026,0.2553,0.6701,9.7240,-0.387,-0.000,0.000
4.79,0.05487,-0.00416,0.00329,0.5742,0.0760,9.7237,-0.359,-0.000,0.000
4.80,0.04127,-0.00618,0.00383,-0.3928,0.3046,9.6627,-0.334,-0.000,0.000
4.81,0.04855,0.00047,0.00006,-0.1748,0.0267,9.9091,-0.311,-0.000,0.000
4.82,0.03728,-0.00644,0.00021,0.1244,-0.1952,9.3150,-0.289,-0.000,0.000
4.83,0.04177,-0.00177,0.00675,-0.1775,0.1667,9.8165,-0.270,-0.000,0.000
4.84,0.03933,-0.01201,-0.00026,0.0362,0.0762,9.9341,-0.251,-0.000,0.000
4.85,0.03457,-0.00718,0.00077,0.2461,-0.0886,10.1121,-0.234,-0.000,0.000
4.86,0.02596,-0.00026,0.00336,-0.1668,-0.0696,10.0834,-0.219,-0.000,0.000
4.87,0.03176,-0.00935,0.00321,0.0015,-0.0119,10.0705,-0.204,-0.000,0.000
4.88,0.02762,-0.00907,-0.00005,-0.4287,0.0101,9.8659,-0.191,-0.000,0.000
4.89,0.02448,-0.00537,0.00579,0.1060,-0.5266,10.0156,-0.179,-0.000,0.000
4.90,0.02301,-0.00509,0.00107,0.1728,0.0894,9.9721,-0.167,-0.000,0.000
4.91,0.02169,-0.00904,0.00924,-0.1561,-0.0612,10.4026,-0.157,-0.000,0.000
4.92,0.01688,-0.00319,0.00519,-0.0863,0.0215,9.8927,-0.147,-0.000,0.000
4.93,0.01816,-0.00540,0.00588,0.2925,-0.0912,10.0860,-0.138,-0.000,0.000
4.94,0.01660,-0.00513,0.00310,-0.3831,-0.3049,10.4153,-0.129,-0.000,0.000
4.95,0.01664,-0.00781,0.00808,-0.0652,-0.0187,9.3506,-0.121,-0.000,0.000
4.96,0.02075,-0.00449,0.00233,-0.1149,-0.3214,9.7227,-0.114,-0.000,0.000
4.97,0.01820,-0.00164,0.00237,-0.0594,-0.0480,10.0298,-0.107,-0.000,0.000
4.98,0.01137,-0.00864,0.00148,0.1273,0.1374,9.8607,-0.100,-0.000,0.000
4.99,0.01328,-0.00511,0.00568,0.1984,-0.1350,10.1856,-0.094,-0.000,0.000
5.00,0.01602,-0.00696,-0.00027,-0.2076,-0.1063,9.5603,-0.089,-0.000,0.000
5.01,0.01404,-0.00434,0.00208,-0.5912,-0.0239,9.7178,-0.083,-0.000,0.000
5.02,0.01340,-0.00235,0.00277,-0.0294,-0.3001,9.7793,-0.078,-0.000,0.000
5.03,0.00953,-0.00965,0.00757,0.2045,0.1276,9.4236,-0.074,-0.000,0.000
5.04,0.01370,-0.00504,0.00508,-0.0163,0.1058,9.6138,-0.069,-0.000,0.000
5.05,0.01289,-0.00427,0.00736,0.0151,0.3350,9.7266,-0.065,-0.000,0.000
5.06,0.01122,-0.00652,0.00167,0.1081,0.1049,9.3570,-0.061,-0.000,0.000
5.07,0.01337,-0.00735,0.00760,-0.1124,0.2193,9.7807,-0.058,-0.000,0.000
5.08,0.00972,-0.00670,0.00088,-0.0524,-0.2253,9.6733,-0.054,-0.000,0.000
5.09,0.00988,-0.00301,0.00779,-0.0002,0.1960,9.9319,-0.051,-0.000,0.000
5.10,0.01206,-0.00761,0.00597,-0.0238,0.2396,10.1723,-0.048,-0.000,0.000
5.11,0.00952,-0.00514,0.00038,-0.0932,-0.0642,10.2477,-0.045,-0.000,0.000
5.12,0.00553,-0.00705,0.00266,-0.1038,0.1890,9.8845,-0.042,-0.000,0.000
5.13,0.00303,-0.00899,0.00181,0.0316,-0.1225,9.6803,-0.040,-0.000,0.000
5.14,0.00708,-0.00781,0.00560,-0.3225,0.4063,9.9535,-0.038,-0.000,0.000
5.15,0.00596,-0.00448,0.00166,0.1965,0.0419,10.3561,-0.035,-0.000,0.000
5.16,0.00722,-0.00887,0.00612,0.0731,-0.4940,9.8477,-0.033,-0.000,0.000
5.17,0.00605,-0.00774,0.00473,-0.0110,0.0026,9.8471,-0.031,-0.000,0.000
5.18,0.00973,-0.00629,0.00092,0.2400,-0.0329,9.8021,-0.029,-0.000,0.000
5.19,0.00650,-0.00333,0.00067,-0.1468,0.4031,9.6069,-0.027,-0.000,0.000
5.20,0.00937,-0.00557,0.00389,-0.0369,-0.1957,9.6542,-0.026,-0.000,0.000
5.21,0.00518,-0.00911,0.00720,0.4696,0.4063,9.8156,-0.024,-0.000,0.000
5.22,0.00810,-0.00737,0.00497,0.2348,-0.3530,9.5904,-0.023,-0.000,0.000
5.23,0.00211,-0.00774,0.00042,0.1045,-0.2186,9.6557,-0.021,-0.000,0.000
5.24,0.00379,-0.00471,0.00660,0.2717,-0.1436,10.0811,-0.020,-0.000,0.000
5.25,0.00119,-0.01114,0.00349,-0.3169,0.3403,9.7511,-0.019,-0.000,0.000
5.26,0.00048,-0.00528,0.00531,-0.1504,-0.0045,9.7699,-0.017,-0.000,0.000
5.27,0.00559,-0.00479,0.00004,0.0053,0.2679,9.8507,-0.016,-0.000,0.000
5.28,0.00364,-0.00321,0.00103,0.3479,0.1126,9.9354,-0.015,-0.000,0.000
5.29,0.00595,-0.00023,0.00513,-0.5480,-0.1348,9.9690,-0.014,-0.000,0.000
5.30,0.00606,-0.00496,0.00156,-0.1186,0.0153,9.4681,-0.013,-0.000,0.000
5.31,0.00748,-0.00785,0.00345,-0.4513,0.0124,9.8480,-0.013,-0.000,0.000
5.32,0.00758,-0.00701,0.00575,-0.0557,0.1643,9.4985,-0.012,-0.000,0.000
5.33,0.00534,-0.00286,0.00036,-0.0969,0.2643,9.6883,-0.011,-0.000,0.000
5.34,0.00625,-0.00821,0.00320,0.1098,-0.0657,9.5898,-0.010,-0.000,0.000
5.35,0.00843,-0.00584,0.00577,-0.1376,0.3047,10.1630,-0.010,-0.000,0.000
5.36,0.00808,-0.00967,0.00499,-0.1198,0.3757,9.7549,-0.009,-0.000,0.000
5.37,0.00374,-0.00160,0.00471,-0.0635,-0.3334,9.8698,-0.008,-0.000,0.000
5.38,0.00689,-0.00590,0.00778,-0.1715,0.3901,10.4367,-0.008,-0.000,0.000
5.39,0.00502,-0.00279,0.00060,0.2981,-0.1061,9.3153,-0.007,-0.000,0.000
5.40,0.00312,-0.00807,0.00414,0.2822,-0.3441,10.1245,-0.007,-0.000,0.000
5.41,0.00159,-0.00528,0.00526,0.0151,-0.0614,10.0512,-0.006,-0.000,0.000
5.42,0.00441,-0.00828,0.00228,-0.0908,-0.2321,9.8799,-0.006,-0.000,0.000
5.43,0.00930,-0.00564,0.00376,-0.0012,0.0676,9.9767,-0.006,-0.000,0.000
5.44,0.00775,-0.00183,0.00425,0.2736,0.0042,9.6107,-0.005,-0.000,0.000
5.45,0.00151,-0.00460,0.00268,-0.0590,0.2860,9.6509,-0.005,-0.000,0.000
5.46,0.00334,-0.00339,0.00878,0.1175,0.1825,9.6071,-0.005,-0.000,0.000
5.47,0.00151,-0.00380,-0.00141,0.3004,-0.0828,9.7166,-0.004,-0.000,0.000
5.48,0.00858,-0.00594,0.00095,0.0374,-0.0169,10.1369,-0.004,-0.000,0.000
5.49,0.01072,-0.00972,0.00330,-0.2280,0.2504,10.0778,-0.004,-0.000,0.000
5.50,0.00756,-0.01174,0.00501,0.2008,0.0395,9.6344,-0.003,-0.000,0.000
5.51,0.00012,-0.00214,0.00084,-0.0506,-0.0807,10.0591,-0.003,-0.000,0.000
5.52,0.00968,-0.00770,-0.00314,-0.1560,0.0167,10.3587,-0.003,-0.000,0.000
5.53,0.00339,0.00109,0.00613,0.0689,-0.2038,9.6428,-0.003,-0.000,0.000
5.54,0.00800,-0.00882,0.00210,0.4015,0.1029,10.2702,-0.003,-0.000,0.000
5.55,0.00539,-0.00750,0.00753,-0.0534,0.0758,9.8475,-0.002,-0.000,0.000
5.56,-0.00085,-0.00611,0.00735,-0.1753,0.0107,10.1107,-0.002,-0.000,0.000
5.57,0.00410,-0.00677,0.00175,-0.1197,-0.1179,10.0636,-0.002,-0.000,0.000
5.58,0.00264,-0.00764,0.00470,0.1059,-0.0410,9.4166,-0.002,-0.000,0.000
5.59,0.00213,-0.00762,-0.00048,0.1595,0.0630,9.7615,-0.002,-0.000,0.000
5.60,0.00362,-0.00686,-0.00171,-0.2828,0.0102,9.7767,-0.002,-0.000,0.000
5.61,0.00436,-0.00465,0.00101,0.2904,-0.0393,9.8142,-0.002,-0.000,0.000
5.62,0.00197,-0.00591,0.00444,0.2242,-0.2627,9.7847,-0.001,-0.000,0.000
5.63,-0.00128,-0.00435,0.00336,-0.0563,-0.1709,9.9047,-0.001,-0.000,0.000
5.64,0.00667,-0.00481,0.00175,-0.0070,-0.1581,9.6843,-0.001,-0.000,0.000
5.65,0.00585,-0.00632,0.00340,-0.2465,0.1591,10.0627,-0.001,-0.000,0.000
5.66,-0.00078,-0.00762,0.00099,0.3267,0.3784,9.6634,-0.001,-0.000,0.000
5.67,-0.00192,-0.00923,0.00174,-0.1247,-0.2543,10.3578,-0.001,-0.000,0.000
5.68,0.00865,-0.00575,0.00027,0.2904,0.0321,9.7345,-0.001,-0.000,0.000
5.69,0.00526,-0.00457,0.00322,0.1795,0.1453,9.7993,-0.001,-0.000,0.000
5.70,0.00042,0.00088,0.00251,0.2247,-0.2240,9.9588,-0.001,-0.000,0.000
5.71,0.00113,-0.00392,0.00455,-0.1938,0.2448,9.7018,-0.001,-0.000,0.000
5.72,0.00439,-0.00997,0.00335,0.4531,0.0160,10.1481,-0.001,-0.000,0.000
5.73,0.00235,-0.00177,0.00370,0.0492,-0.4750,10.0977,-0.001,-0.000,0.000
5.74,0.00574,-0.00874,0.00847,0.0314,0.1582,10.1535,-0.001,-0.000,0.000
5.75,-0.00021,0.00249,0.00375,0.0561,0.1199,9.7370,-0.001,-0.000,0.000
5.76,0.00416,-0.00918,0.00176,-0.2179,-0.4713,9.2538,-0.001,-0.000,0.000
5.77,0.00940,-0.00711,-0.00035,0.4328,0.0110,9.5071,-0.001,-0.000,0.000
5.78,0.00289,-0.00493,0.00446,-0.1264,-0.2556,9.7638,-0.001,-0.000,0.000
5.79,-0.00013,-0.00387,0.00704,0.2374,-0.1834,9.8327,-0.000,-0.000,0.000
5.80,0.00938,-0.00549,0.00030,-0.0411,-0.0531,9.8686,-0.000,-0.000,0.000
5.81,0.00478,-0.00514,0.00324,-0.0682,-0.0101,10.4847,-0.000,-0.000,0.000
5.82,0.00156,-0.00678,0.00603,-0.0532,0.0374,9.7605,-0.000,-0.000,0.000
5.83,0.00427,-0.00473,0.00298,-0.1039,0.0842,10.0680,-0.000,-0.000,0.000
5.84,0.01129,-0.00697,0.00538,-0.3507,-0.0039,9.8047,-0.000,-0.000,0.000
5.85,0.00011,-0.00511,0.00180,0.4890,0.3059,9.6741,-0.000,-0.000,0.000
5.86,0.01045,-0.00684,-0.00120,-0.0085,0.1096,10.2515,-0.000,-0.000,0.000
5.87,0.00675,-0.00740,0.00066,-0.1815,-0.3237,10.1065,-0.000,-0.000,0.000
5.88,0.00746,-0.00338,-0.00000,-0.2005,0.4448,9.8116,-0.000,-0.000,0.000
5.89,0.00485,-0.00195,0.00225,-0.2370,-0.2822,9.6713,-0.000,-0.000,0.000
5.90,0.00616,-0.00646,0.00229,0.6388,0.2265,9.7969,-0.000,-0.000,0.000
5.91,0.00545,-0.00685,0.00105,-0.0331,0.2715,9.7451,-0.000,-0.000,0.000
5.92,0.00057,-0.00386,0.00351,0.2808,-0.2142,9.2684,-0.000,-0.000,0.000
5.93,0.00405,-0.00692,0.00419,0.4439,0.0194,9.9314,-0.000,-0.000,0.000
5.94,-0.00067,-0.00857,0.01096,0.1680,-0.5695,9.9117,-0.000,-0.000,0.000
5.95,0.00297,-0.00336,-0.00371,-0.1978,-0.1429,9.7887,-0.000,-0.000,0.000
5.96,0.00805,-0.00111,0.00162,0.3756,0.4423,9.4727,-0.000,-0.000,0.000
5.97,0.00179,-0.00537,-0.00125,-0.1517,-0.1282,9.8912,-0.000,-0.000,0.000
5.98,0.00675,-0.00507,0.00038,-0.0620,0.1438,10.0655,-0.000,-0.000,0.000
5.99,0.00725,-0.00505,0.00548,-0.1192,0.2081,10.3351,-0.000,-0.000,0.000
6.00,0.00660,-0.00663,0.00211,0.2534,0.2347,9.8833,-0.000,0.000,-0.000
6.01,0.00659,-0.00220,0.00206,0.0356,-0.2320,9.6948,-0.000,0.000,-0.000
6.02,0.00287,-0.00170,-0.00484,-0.1978,-0.2039,10.0480,-0.000,0.001,-0.000
6.03,0.00529,-0.00229,0.00571,-0.0546,-0.2759,10.3312,-0.000,0.005,-0.000
6.04,0.00815,0.01177,-0.00124,-0.0678,-0.0311,9.8480,-0.000,0.014,-0.000
6.05,0.00105,0.02734,0.00400,-0.0398,0.6740,10.1067,-0.000,0.031,-0.000
6.06,0.00168,0.03914,0.00267,0.0585,0.2360,9.4357,-0.000,0.059,-0.000
6.07,0.00675,0.06658,-0.00132,-0.0030,-0.1831,9.8965,-0.000,0.099,-0.000
6.08,-0.00175,0.09667,0.00255,-0.3504,0.2071,10.3198,-0.000,0.155,-0.000
6.09,0.00631,0.11551,0.00144,-0.2359,0.1482,9.6787,-0.000,0.227,-0.000
6.10,0.00553,0.15257,0.00047,0.2877,-0.1679,9.7601,-0.000,0.318,-0.000
6.11,0.00560,0.18706,0.00269,-0.3392,-0.1231,9.8555,-0.000,0.428,-0.000
6.12,-0.00328,0.22651,0.00384,0.3492,-0.0380,9.9338,-0.000,0.558,-0.000
6.13,0.00435,0.25681,-0.00227,0.4562,0.0535,10.0100,-0.000,0.708,-0.000
6.14,0.00344,0.29469,-0.00047,0.0629,-0.4981,9.5288,-0.000,0.878,-0.000
6.15,0.00394,0.32203,0.00244,-0.0130,0.3584,9.8753,-0.000,1.067,-0.000
6.16,0.00042,0.36015,0.00203,0.0858,0.1267,9.4918,-0.000,1.275,-0.000
6.17,0.00636,0.38498,0.00742,-0.2607,-0.3714,9.6616,-0.000,1.501,-0.000
6.18,0.00798,0.41640,0.00477,0.0817,0.0044,9.9162,-0.000,1.742,-0.000
6.19,0.00379,0.44067,0.00784,-0.4871,-0.0577,9.6618,-0.000,1.999,-0.000
6.20,0.00285,0.46340,-0.00013,0.1691,-0.0548,10.2782,-0.000,2.269,-0.000
6.21,0.00457,0.48885,0.00428,-0.1072,0.3188,10.2312,-0.000,2.550,-0.000
6.22,0.00405,0.50522,0.00401,-0.1814,0.1087,9.7726,-0.000,2.842,-0.000
6.23,0.00640,0.51826,-0.00406,-0.1138,0.3584,10.2057,-0.000,3.142,-0.000
6.24,0.00407,0.52677,0.00079,-0.2290,0.1352,9.4458,-0.000,3.448,-0.000
6.25,0.00042,0.53862,0.00138,0.0758,0.1859,10.0693,-0.000,3.760,-0.000
6.26,0.00071,0.54342,0.00209,0.0623,0.0057,9.9509,-0.000,4.075,-0.000
6.27,0.00278,0.54602,0.00119,0.0607,0.1241,10.1237,-0.000,4.391,-0.000
6.28,0.00236,0.54583,0.00269,-0.2979,-0.2391,10.0016,-0.000,4.708,-0.000
6.29,0.00550,0.54398,0.00320,-0.0969,0.2904,10.0575,-0.000,5.024,-0.000
6.30,0.00687,0.53456,0.00574,-0.3242,0.5546,10.0290,-0.000,5.337,-0.000
6.31,0.01082,0.53622,0.00566,-0.1366,-0.1073,9.7577,-0.000,5.647,-0.000
6.32,0.00793,0.52924,0.00059,-0.2591,-0.0436,9.5234,-0.000,5.952,-0.000
6.33,0.00881,0.51795,-0.00069,-0.1456,0.1863,9.9161,-0.000,6.252,-0.000
6.34,0.00598,0.50700,0.00391,0.1756,-0.2462,9.6835,-0.000,6.545,-0.000
6.35,0.00468,0.49306,-0.00074,0.3217,-0.4203,9.9325,-0.000,6.831,-0.000
6.36,-0.00142,0.48056,0.00970,-0.5881,0.1434,9.7530,-0.000,7.109,-0.000
6.37,0.00260,0.46349,0.00151,-0.1012,0.4378,9.9683,-0.000,7.379,-0.000
6.38,0.00249,0.44691,0.00209,-0.2185,-0.0505,9.7745,-0.000,7.640,-0.000
6.39,0.00458,0.42815,0.00150,0.2578,-0.1044,10.2200,-0.000,7.892,-0.000
6.40,0.00521,0.41435,0.00128,-0.1482,0.1011,10.4032,-0.000,8.134,-0.000
6.41,0.00658,0.39997,0.00181,-0.4578,-0.0275,10.0040,-0.000,8.366,-0.000
6.42,0.00510,0.38151,0.00458,-0.0265,-0.0438,9.8646,-0.000,8.589,-0.000
6.43,0.00675,0.36710,0.00516,-0.3594,-0.2727,9.5995,-0.000,8.801,-0.000
6.44,0.00020,0.34725,0.00584,0.2076,-0.2990,10.2794,-0.000,9.004,-0.000
6.45,0.00142,0.33001,0.00657,-0.2248,0.0288,9.4066,-0.000,9.197,-0.000
6.46,0.00586,0.30929,0.00439,0.1079,0.2175,9.7768,-0.000,9.381,-0.000
6.47,0.00097,0.29434,0.00109,0.0224,-0.1336,9.7774,-0.000,9.555,-0.000
6.48,0.00333,0.28534,0.00326,-0.0685,0.5392,10.1856,-0.000,9.719,-0.000
6.49,0.00079,0.25971,0.00062,-0.6456,-0.0564,9.7782,-0.000,9.875,-0.000
6.50,0.00932,0.24484,0.00395,0.5146,0.0636,9.8082,-0.000,10.021,-0.000
6.51,0.00277,0.23277,0.00097,0.2209,0.2660,10.0698,-0.000,10.159,-0.000
6.52,0.00099,0.22106,0.00915,0.3614,-0.4587,9.8031,-0.000,10.289,-0.000
6.53,0.00691,0.20606,0.00352,-0.0583,0.1949,9.4570,-0.000,10.411,-0.000
6.54,0.00093,0.18622,0.00305,0.0576,0.3228,10.0772,-0.000,10.525,-0.000
6.55,0.00124,0.17977,0.00356,-0.1054,0.0692,10.2414,-0.000,10.631,-0.000
6.56,0.00474,0.17087,-0.00237,-0.1476,0.1321,10.4238,-0.000,10.731,-0.000
6.57,0.00981,0.15773,0.00457,-0.3508,0.1058,10.0142,-0.000,10.824,-0.000
6.58,-0.00100,0.14829,0.00328,-0.2033,-0.1785,10.3384,-0.000,10.911,-0.000
6.59,0.00425,0.13896,0.00229,-0.4909,0.0098,10.0862,-0.000,10.992,-0.000
6.60,0.00088,0.12437,-0.00520,-0.1639,-0.1670,9.9242,-0.000,11.067,-0.000
6.61,0.00363,0.11735,-0.00257,-0.0789,-0.1600,10.4179,-0.000,11.137,-0.000
6.62,0.00187,0.10769,0.00043,0.2707,0.0995,10.4385,-0.000,11.201,-0.000
6.63,0.00050,0.09969,0.00120,-0.2530,0.1031,10.1999,-0.000,11.262,-0.000
6.64,0.00611,0.09354,0.00472,-0.1276,0.6949,10.1680,-0.000,11.317,-0.000
6.65,0.00346,0.08978,0.00313,0.0883,0.2443,9.8925,-0.000,11.369,-0.000
6.66,0.00213,0.07643,0.00587,-0.2293,0.2253,9.5239,-0.000,11.416,-0.000
6.67,0.00261,0.06646,0.00417,-0.4527,0.1700,10.1553,-0.000,11.460,-0.000
6.68,-0.00183,0.06709,-0.00065,-0.1059,0.0543,10.1226,-0.000,11.501,-0.000
6.69,0.00324,0.05823,0.00749,0.0322,-0.0070,9.4468,-0.000,11.538,-0.000
6.70,0.00516,0.05143,0.00445,-0.3059,0.0309,10.3204,-0.000,11.573,-0.000
6.71,0.00279,0.04957,0.00250,-0.4071,-0.1945,10.1104,-0.000,11.605,-0.000
6.72,0.00201,0.05077,0.00473,-0.0825,-0.0193,9.9118,-0.000,11.634,-0.000
6.73,-0.00444,0.04319,0.00417,-0.1500,-0.4016,9.7806,-0.000,11.661,-0.000
6.74,0.00608,0.03783,0.00094,0.0274,-0.5376,10.4471,-0.000,11.686,-0.000
6.75,0.01067,0.03829,0.00397,-0.2257,-0.0631,10.0095,-0.000,11.709,-0.000
6.76,-0.00145,0.03378,0.00635,-0.3583,-0.1959,10.2766,-0.000,11.730,-0.000
6.77,0.00738,0.02847,0.00143,-0.2073,0.1543,9.8499,-0.000,11.749,-0.000
6.78,0.00194,0.02377,0.00949,-0.0750,-0.2187,9.8009,-0.000,11.767,-0.000
6.79,0.00146,0.02242,0.00652,-0.1479,-0.0341,10.1569,-0.000,11.784,-0.000
6.80,-0.00181,0.01863,0.00565,0.1494,0.0237,9.9412,-0.000,11.799,-0.000
6.81,0.00538,0.01496,0.00540,0.0147,-0.0979,10.2038,-0.000,11.813,-0.000
6.82,0.00312,0.01738,0.00508,-0.1356,-0.3062,10.0205,-0.000,11.826,-0.000
6.83,0.00776,0.01539,0.00430,-0.4427,0.2506,10.1476,-0.000,11.838,-0.000
6.84,0.00039,0.01339,0.00004,0.0962,-0.0056,10.1027,-0.000,11.849,-0.000
6.85,0.00384,0.01092,0.00322,-0.1524,0.0217,10.4597,-0.000,11.859,-0.000
6.86,0.00171,0.01240,0.00441,0.2427,-0.2886,10.0153,-0.000,11.868,-0.000
6.87,0.00488,0.00883,0.00281,-0.1658,0.3041,9.8837,-0.000,11.877,-0.000
6.88,0.00128,0.00527,-0.00000,0.1946,0.0094,10.4356,-0.000,11.885,-0.000
6.89,0.00512,0.00869,0.00086,0.1512,-0.2013,9.9102,-0.000,11.892,-0.000
6.90,-0.00097,0.00520,0.00319,0.0033,0.0657,10.2885,-0.000,11.899,-0.000
6.91,0.00960,0.00557,0.00240,0.0784,0.5850,10.7872,-0.000,11.906,-0.000
6.92,0.00304,0.00648,0.00479,0.1573,0.0020,9.8480,-0.000,11.912,-0.000
6.93,-0.00196,0.00651,0.00297,-0.1867,0.0424,10.1963,-0.000,11.917,-0.000
6.94,0.00456,0.00179,0.00104,-0.2653,-0.4161,10.3494,-0.000,11.922,-0.000
6.95,0.00317,0.00185,0.00144,-0.1749,0.2083,9.9846,-0.000,11.927,-0.000
6.96,0.00288,0.00436,0.00702,-0.0192,0.2970,10.0900,-0.000,11.931,-0.000
6.97,0.00809,0.00213,0.00677,-0.4195,0.0249,9.8948,-0.000,11.936,-0.000
6.98,0.00451,0.00040,0.00404,0.1196,0.0357,10.1015,-0.000,11.940,-0.000
6.99,0.00236,-0.00049,0.00059,-0.1774,0.1392,9.8460,-0.000,11.943,-0.000
7.00,0.00083,-0.00256,0.00872,-0.0295,0.4090,9.8209,-0.000,11.947,-0.000
7.01,0.00234,0.00098,0.00186,-0.2801,-0.1585,9.9510,-0.000,11.950,-0.000
7.02,0.00460,0.00079,0.00126,-0.3092,-0.3062,10.0503,-0.000,11.953,-0.000
7.03,0.00762,-0.00072,-0.00116,-0.1827,-0.1613,10.0617,-0.000,11.956,-0.000
7.04,0.00246,-0.00487,0.01106,-0.2486,-0.6241,10.3526,-0.000,11.958,-0.000
7.05,-0.00062,-0.00509,0.00060,0.1040,-0.2620,9.4945,-0.000,11.961,-0.000
7.06,0.00332,-0.00031,0.00213,-0.1623,0.0089,10.2043,-0.000,11.963,-0.000
7.07,0.00406,-0.00180,0.00680,0.3482,-0.4967,10.4113,-0.000,11.965,-0.000
7.08,0.00311,0.00226,0.00667,0.1876,0.0524,10.0617,-0.000,11.967,-0.000
7.09,0.00858,-0.00152,0.00471,-0.1401,0.0178,10.0545,-0.000,11.969,-0.000
7.10,0.00194,-0.00084,0.00437,-0.2877,-0.0865,10.2774,-0.000,11.971,-0.000
7.11,0.00329,-0.00282,-0.00123,0.1185,0.5547,9.4928,-0.000,11.973,-0.000
7.12,0.00537,-0.00589,0.00220,0.4256,0.2218,10.5816,-0.000,11.974,-0.000
7.13,0.00181,-0.00564,-0.00027,-0.6943,0.0544,10.2799,-0.000,11.976,-0.000
7.14,0.00048,-0.00226,0.00659,-0.1095,-0.1239,9.8683,-0.000,11.977,-0.000
7.15,0.00593,-0.00284,0.00209,0.1078,-0.1836,9.6759,-0.000,11.979,-0.000
7.16,0.00415,-0.00475,0.00080,0.0814,-0.2328,9.9993,-0.000,11.980,-0.000
7.17,0.00615,-0.00217,-0.00087,-0.2653,0.0937,9.8612,-0.000,11.981,-0.000
7.18,0.00222,-0.00198,0.00507,-0.0181,-0.5449,10.4566,-0.000,11.982,-0.000
7.19,0.00805,-0.00118,0.00204,0.1002,-0.0169,9.8459,-0.000,11.984,-0.000
7.20,0.00366,-0.00303,0.00968,-0.1901,0.3842,9.6823,-0.000,11.985,-0.000
7.21,0.00536,-0.00615,-0.00175,-0.1780,-0.5010,9.9961,-0.000,11.985,-0.000
7.22,-0.00358,-0.00459,-0.00145,-0.2827,-0.5018,10.0238,-0.000,11.986,-0.000
7.23,0.00400,-0.00172,0.00354,0.0448,0.0849,10.1469,-0.000,11.987,-0.000
7.24,0.00458,-0.00271,0.00598,-0.3920,-0.3537,10.1453,-0.000,11.988,-0.000
7.25,0.00498,-0.00485,-0.00022,-0.0576,0.3013,9.7899,-0.000,11.989,-0.000
7.26,0.00331,-0.00590,-0.00680,-0.7387,0.0721,9.6764,-0.000,11.989,-0.000
7.27,0.00500,-0.00340,0.00344,-0.1574,-0.1721,9.6015,-0.000,11.990,-0.000
7.28,0.00958,-0.00764,0.00497,0.0312,0.0243,10.6373,-0.000,11.991,-0.000
7.29,0.00333,-0.00718,0.00365,-0.4113,-0.0299,10.2225,-0.000,11.991,-0.000
7.30,0.00443,-0.01044,0.00281,-0.2512,-0.3220,10.0174,-0.000,11.992,-0.000
7.31,0.00108,-0.00815,0.00758,-0.3144,0.1666,10.2081,-0.000,11.992,-0.000
7.32,-0.00208,-0.00437,-0.00400,-0.2668,-0.3058,9.8185,-0.000,11.993,-0.000
7.33,-0.00215,-0.00381,-0.00152,-0.8228,-0.5807,9.8618,-0.000,11.993,-0.000
7.34,0.00583,-0.00824,0.00466,-0.2879,0.0984,9.9469,-0.000,11.994,-0.000
7.35,0.00103,-0.01045,0.00298,-0.0321,-0.3059,9.9411,-0.000,11.994,-0.000
7.36,0.00359,-0.00501,0.00831,-0.2054,0.1895,10.0415,-0.000,11.995,-0.000
7.37,0.00370,-0.00359,0.00470,-0.1892,-0.1013,10.3313,-0.000,11.995,-0.000
7.38,0.00616,-0.00344,0.00222,-0.1511,0.1148,10.1424,-0.000,11.995,-0.000
7.39,0.00421,-0.00679,0.00225,-0.2178,-0.0741,9.0971,-0.000,11.996,-0.000
7.40,0.00076,-0.00333,0.00466,-0.3293,-0.5441,9.5760,-0.000,11.996,-0.000
7.41,0.00785,-0.00495,0.00908,-0.3805,0.1761,9.7690,-0.000,11.996,-0.000
7.42,0.01398,-0.00966,0.00284,-0.0145,-0.2187,10.1735,-0.000,11.996,-0.000
7.43,0.00429,-0.00647,0.00295,-0.1569,-0.1949,9.9858,-0.000,11.997,-0.000
7.44,0.00072,-0.00751,0.00017,0.0105,0.0155,10.2429,-0.000,11.997,-0.000
7.45,0.00232,-0.01012,0.00209,-0.3010,-0.0726,9.5028,-0.000,11.997,-0.000
7.46,0.00348,-0.00523,0.00235,-0.3086,-0.0296,9.8103,-0.000,11.997,-0.000
7.47,0.01025,-0.00570,-0.00150,-0.5480,0.3403,9.7230,-0.000,11.997,-0.000
7.48,0.00421,0.00010,0.00481,0.1217,-0.1216,10.0405,-0.000,11.998,-0.000
7.49,0.00177,-0.00652,0.00665,-0.3867,-0.0009,9.7971,-0.000,11.998,-0.000
7.50,0.00278,0.00126,0.00429,-0.5427,-0.1731,10.3430,-0.000,11.998,-0.000
7.51,-0.00026,-0.00771,0.00198,-0.0642,-0.4582,9.4471,-0.000,11.998,-0.000
7.52,0.00589,-0.00415,0.00770,-0.2300,-0.5040,9.8478,-0.000,11.998,-0.000
7.53,0.00892,-0.00117,0.00303,-0.2623,0.2810,10.0355,-0.000,11.998,-0.000
7.54,0.00027,-0.00906,0.00558,0.1146,0.0795,10.0860,-0.000,11.998,-0.000
7.55,0.00065,-0.00637,0.00203,-0.5960,0.2634,10.4444,-0.000,11.999,-0.000
7.56,0.00420,-0.00733,0.00602,-0.3260,0.0994,10.6095,-0.000,11.999,-0.000
7.57,0.00407,-0.00038,0.00214,-0.6134,0.1897,9.8794,-0.000,11.999,-0.000
7.58,0.01028,-0.00614,0.00216,-0.4376,0.1129,10.1540,-0.000,11.999,-0.000
7.59,0.00648,-0.00513,0.00090,-0.7246,0.0267,9.8774,-0.000,11.999,-0.000
7.60,0.00679,-0.00970,-0.00031,-0.6234,-0.1923,10.1168,-0.000,11.999,-0.000
7.61,0.00459,-0.00717,0.00465,-0.4730,-0.4375,9.7058,-0.000,11.999,-0.000
7.62,0.00615,-0.00217,0.00364,-0.9066,-0.2752,10.0274,-0.000,11.999,-0.000
7.63,0.00284,-0.00536,0.00419,-0.0076,0.4378,9.9640,-0.000,11.999,-0.000
7.64,0.00509,-0.00368,0.00246,-0.2508,-0.0938,10.0931,-0.000,11.999,-0.000
7.65,0.00452,-0.00467,0.00510,-0.2802,-0.0025,10.2448,-0.000,11.999,-0.000
7.66,0.00642,-0.00955,0.00306,-0.6159,0.5408,9.8307,-0.000,11.999,-0.000
7.67,0.00272,-0.00523,0.00150,-0.2498,0.1023,9.8168,-0.000,11.999,-0.000
7.68,-0.00042,-0.00548,-0.00005,-0.5242,0.3403,10.4857,-0.000,11.999,-0.000
7.69,0.00419,-0.01042,0.00077,-0.4492,-0.0028,10.4154,-0.000,11.999,-0.000
7.70,0.00055,-0.00906,0.00590,-0.6026,0.0084,10.2248,-0.000,11.999,-0.000
7.71,0.00560,-0.00837,-0.00037,0.0930,-0.2909,9.7259,-0.000,12.000,-0.000
7.72,-0.00046,-0.00717,0.00502,-0.3812,-0.3020,9.8373,-0.000,12.000,-0.000
7.73,0.00651,-0.00457,0.00424,-0.8856,-0.2016,9.8411,-0.000,12.000,-0.000
7.74,0.00226,-0.00474,0.00009,-0.7344,0.1058,10.1734,-0.000,12.000,-0.000
7.75,0.00267,-0.00669,0.00257,-0.6138,0.2530,9.9103,-0.000,12.000,-0.000
7.76,-0.00398,-0.00525,0.00309,-0.0889,0.0615,9.9882,-0.000,12.000,-0.000
7.77,0.00074,-0.00900,0.00423,-0.4981,0.1928,9.7327,-0.000,12.000,-0.000
7.78,0.00541,-0.00882,0.00027,-0.4751,0.4499,10.0265,-0.000,12.000,-0.000
7.79,-0.00391,-0.00438,0.00111,-0.3141,-0.2360,9.5223,-0.000,12.000,-0.000
7.80,-0.00117,0.00144,0.00229,-0.2590,-0.0209,9.7764,-0.000,12.000,-0.000
7.81,0.00947,-0.00686,0.00964,-0.0573,-0.3139,10.0802,-0.000,12.000,-0.000
7.82,-0.00066,-0.00340,0.00707,0.2194,0.0487,9.2635,-0.000,12.000,-0.000
7.83,-0.00096,-0.00446,0.00025,-0.4725,-0.2580,9.5760,-0.000,12.000,-0.000
7.84,0.00310,-0.00742,0.00633,-0.8739,0.0359,9.9008,-0.000,12.000,-0.000
7.85,0.00094,-0.00611,0.00715,-0.5568,0.6452,9.8255,-0.000,12.000,-0.000
7.86,0.00409,-0.00328,0.00444,-0.5086,-0.2275,9.7773,-0.000,12.000,-0.000
7.87,0.00493,-0.00641,0.00476,-0.3499,0.0149,10.1169,-0.000,12.000,-0.000
7.88,0.00239,-0.00116,0.00467,-0.2616,-0.4511,10.0134,-0.000,12.000,-0.000
7.89,0.00090,-0.00595,0.00123,-0.0773,-0.2881,9.7036,-0.000,12.000,-0.000
7.90,0.00484,-0.01132,0.00193,-0.3486,0.1535,9.6727,-0.000,12.000,-0.000
7.91,0.00049,-0.01082,0.00513,-0.2905,-0.2172,9.9346,-0.000,12.000,-0.000
7.92,0.00449,-0.00610,0.00127,-0.8062,-0.4637,9.7985,-0.000,12.000,-0.000
7.93,-0.00092,-0.01170,0.00834,-0.2622,0.0264,9.5836,-0.000,12.000,-0.000
7.94,0.00489,-0.00416,0.00435,-0.8470,-0.1934,9.9393,-0.000,12.000,-0.000
7.95,0.00187,-0.00471,0.00337,-0.2773,-0.3580,9.8017,-0.000,12.000,-0.000
7.96,0.00701,-0.01090,0.00353,-0.5528,-0.2292,9.6372,-0.000,12.000,-0.000
7.97,0.00304,-0.00449,0.00513,-0.4951,-0.1862,9.6490,-0.000,12.000,-0.000
7.98,0.00466,-0.01347,0.00271,-0.5523,-0.2047,10.2868,-0.000,12.000,-0.000
7.99,0.00524,-0.00644,0.00385,-0.3527,0.0136,10.0890,-0.000,12.000,-0.000
8.00,0.00597,-0.00907,0.00304,-0.4284,-0.1061,10.0707,-0.000,12.000,-0.000
8.01,0.00043,-0.00643,0.00720,-0.7042,-0.8118,10.1606,-0.000,12.000,-0.000
8.02,0.00954,-0.00703,0.00275,-0.0270,0.1667,9.8578,-0.000,12.000,-0.000
8.03,0.00507,-0.00596,0.00169,-0.3784,0.0126,9.8561,-0.000,12.000,-0.000
8.04,0.00565,-0.00255,0.00753,-0.4474,-0.1533,10.0758,-0.000,12.000,-0.000
8.05,0.00252,-0.00576,0.00020,-0.3917,0.0846,10.0305,-0.000,12.000,-0.000
8.06,0.00557,-0.00905,-0.00060,-0.1964,-0.6241,10.1087,-0.000,12.000,-0.000
8.07,0.00493,-0.00397,0.00085,-0.1150,-0.0672,10.2365,-0.000,12.000,-0.000
8.08,0.00050,-0.00468,0.00538,-0.3052,-0.3030,9.9828,-0.000,12.000,-0.000
8.09,0.00146,-0.00374,0.00437,-0.5530,-0.0360,10.0403,-0.000,12.000,-0.000
8.10,0.00143,-0.00438,0.00243,-0.4182,-0.8565,9.9575,-0.000,12.000,-0.000
8.11,0.00224,-0.00866,0.00348,-0.4044,-0.1284,9.6997,-0.000,12.000,-0.000
8.12,0.00389,-0.01316,0.00380,-0.1019,-0.4482,9.5872,-0.000,12.000,-0.000
8.13,0.00548,-0.00313,0.00672,-0.4626,0.2746,10.0518,-0.000,12.000,-0.000
8.14,0.00571,-0.00487,0.00493,-0.2062,0.0288,10.0027,-0.000,12.000,-0.000
8.15,0.00467,-0.00332,0.00006,-0.5603,-0.5201,9.7750,-0.000,12.000,-0.000
8.16,0.00078,-0.00830,0.00080,-0.4425,-0.1451,9.9888,-0.000,12.000,-0.000
8.17,0.00343,0.00216,0.00168,-0.7011,-0.0603,9.8982,-0.000,12.000,-0.000
8.18,-0.00115,-0.00793,-0.00075,-0.7811,-0.2948,9.9223,-0.000,12.000,-0.000
8.19,0.00170,-0.00353,0.00933,-0.1993,-0.0746,9.9789,-0.000,12.000,-0.000
8.20,0.00136,-0.00503,0.00456,-0.5417,0.2037,10.0423,-0.000,12.000,-0.000
8.21,0.00536,-0.00698,0.00070,-0.5394,-0.3166,10.0981,-0.000,12.000,-0.000
8.22,0.00938,-0.00735,0.00604,-0.6122,-0.1306,9.8716,-0.000,12.000,-0.000
8.23,0.00756,-0.00982,0.00638,-0.6625,-0.0700,10.1921,-0.000,12.000,-0.000
8.24,0.00388,-0.00093,-0.00064,-0.9359,-0.5270,9.6457,-0.000,12.000,-0.000
8.25,0.00574,-0.00615,0.00087,-0.9124,0.0421,10.1122,-0.000,12.000,-0.000
8.26,0.00284,-0.00890,0.00538,-0.1761,-0.0571,9.2898,-0.000,12.000,-0.000
8.27,0.00193,-0.00186,0.00337,-0.5977,-0.2160,9.9193,-0.000,12.000,-0.000
8.28,0.00751,-0.00562,0.00232,-0.6751,-0.4756,9.6633,-0.000,12.000,-0.000
8.29,0.00689,-0.00284,-0.00202,-0.5677,-0.0188,10.0756,-0.000,12.000,-0.000
8.30,0.00669,-0.00529,-0.00350,-0.1778,-0.0216,10.0337,-0.000,12.000,-0.000
8.31,-0.00178,-0.01020,0.00531,-0.5764,-0.0485,10.0503,-0.000,12.000,-0.000
8.32,0.00237,-0.00480,0.00391,-0.8191,-0.1560,10.0729,-0.000,12.000,-0.000
8.33,0.00527,-0.00504,0.00336,-0.6709,-0.3162,9.6396,-0.000,12.000,-0.000
8.34,0.00369,0.00249,0.00544,-0.6444,-0.4209,9.7382,-0.000,12.000,-0.000
8.35,0.00864,-0.00374,0.00303,-0.6031,-0.0535,10.0212,-0.000,12.000,-0.000
8.36,0.00466,-0.00218,0.00572,-0.8018,0.1257,10.4102,-0.000,12.000,-0.000
8.37,0.00096,-0.00560,0.00362,-0.5313,-0.1776,9.8788,-0.000,12.000,-0.000
8.38,0.00680,-0.01589,0.00492,-0.1875,0.3564,9.7208,-0.000,12.000,-0.000
8.39,0.00276,-0.01026,0.00545,-0.6720,0.0540,9.9129,-0.000,12.000,-0.000
8.40,0.00153,0.00055,-0.00043,-0.4879,0.1061,9.9599,-0.000,12.000,-0.000
8.41,0.00164,-0.00507,0.00055,-0.7587,-0.0510,10.1233,-0.000,12.000,-0.000
8.42,0.00102,-0.00556,0.00272,-0.6537,0.2082,9.8589,-0.000,12.000,-0.000
8.43,0.00271,-0.00620,-0.00075,-0.7915,0.1572,9.5536,-0.000,12.000,-0.000
8.44,0.00451,-0.00411,0.00673,-0.8613,-0.3306,9.9889,-0.000,12.000,-0.000
8.45,0.00396,-0.00327,0.00416,-0.6545,0.2596,9.4451,-0.000,12.000,-0.000
8.46,0.00480,-0.00479,0.00075,-0.6777,-0.2544,10.0729,-0.000,12.000,-0.000
8.47,0.00174,-0.01019,-0.00277,-0.8717,-0.3975,9.8673,-0.000,12.000,-0.000
8.48,0.00746,-0.00236,0.00589,-0.5659,-0.0930,9.8815,-0.000,12.000,-0.000
8.49,0.00265,0.00166,0.00786,-0.7130,-0.0444,9.9601,-0.000,12.000,-0.000
8.50,0.00238,-0.00719,0.00379,-0.5344,0.2688,10.3159,-0.000,12.000,-0.000
8.51,0.00293,-0.00173,0.00353,-0.4685,-0.0039,10.0331,-0.000,12.000,-0.000
8.52,0.01102,-0.01054,0.00482,-0.8504,-0.0203,9.9561,-0.000,12.000,-0.000
8.53,0.00275,-0.01056,-0.00345,-0.9463,0.0951,9.6005,-0.000,12.000,-0.000
8.54,0.00368,-0.00619,-0.00111,-0.9971,0.0019,9.4860,-0.000,12.000,-0.000
8.55,0.01093,-0.00655,0.00925,-0.3505,0.1881,9.4177,-0.000,12.000,-0.000
8.56,0.00711,-0.00647,0.00123,-0.6084,-0.0212,10.2097,-0.000,12.000,-0.000
8.57,-0.00014,-0.00711,-0.00281,-0.8360,-0.2927,9.8940,-0.000,12.000,-0.000
8.58,0.00235,-0.00896,0.00064,-0.7944,0.0555,9.3971,-0.000,12.000,-0.000
8.59,0.00480,-0.01010,0.00248,-0.8227,-0.3708,10.1283,-0.000,12.000,-0.000
8.60,0.00662,-0.00139,0.00680,-0.7868,0.2335,9.9264,-0.000,12.000,-0.000
8.61,0.01028,-0.00789,0.00101,-0.9925,0.1979,9.7901,-0.000,12.000,-0.000
8.62,0.00464,-0.00937,0.00294,-1.2129,0.1449,9.9808,-0.000,12.000,-0.000
8.63,0.00284,0.00057,0.00401,-0.8246,0.1319,9.9831,-0.000,12.000,-0.000
8.64,0.00540,-0.01024,0.00403,-0.6338,-0.1273,9.9892,-0.000,12.000,-0.000
8.65,0.00300,-0.00082,0.00831,-0.6207,-0.1629,9.7373,-0.000,12.000,-0.000
8.66,0.00830,-0.00491,0.00648,-0.7145,0.1275,10.1178,-0.000,12.000,-0.000
8.67,0.00632,-0.01216,0.00459,-1.2172,0.2587,9.7175,-0.000,12.000,-0.000
8.68,0.00972,-0.00794,0.00232,-0.7684,0.2152,9.6982,-0.000,12.000,-0.000
8.69,0.00399,-0.00691,0.00321,-0.8208,-0.4426,10.0516,-0.000,12.000,-0.000
8.70,0.00825,-0.00811,0.00779,-0.9383,-0.1039,9.3595,-0.000,12.000,-0.000
8.71,0.00613,-0.00936,0.00178,-0.9829,-0.0255,9.7185,-0.000,12.000,-0.000
8.72,0.00482,-0.00831,0.00325,-0.8973,-0.4840,10.1646,-0.000,12.000,-0.000
8.73,0.00617,-0.01009,0.00047,-0.7013,0.1027,9.2285,-0.000,12.000,-0.000
8.74,0.00481,-0.00550,0.00468,-0.3992,0.0089,9.3309,-0.000,12.000,-0.000
8.75,0.00473,-0.00638,0.00416,-0.9642,0.3635,9.6258,-0.000,12.000,-0.000
8.76,0.00729,-0.00928,0.00255,-0.8679,-0.0389,10.0125,-0.000,12.000,-0.000
8.77,0.00062,-0.00625,0.00222,-0.6207,0.0743,9.9412,-0.000,12.000,-0.000
8.78,0.00092,-0.00676,0.00327,-0.8414,-0.3086,9.8161,-0.000,12.000,-0.000
8.79,0.00024,-0.00867,0.00934,-1.1867,0.2613,9.9590,-0.000,12.000,-0.000
8.80,0.00020,-0.01137,0.00246,-0.6363,-0.4123,10.1034,-0.000,12.000,-0.000
8.81,0.00620,-0.00867,0.00473,-1.1476,-0.0331,9.6094,-0.000,12.000,-0.000
8.82,0.00388,-0.00682,0.00452,-0.8358,-0.0634,9.8179,-0.000,12.000,-0.000
8.83,0.00569,-0.00522,0.00277,-1.0788,-0.4239,10.1942,-0.000,12.000,-0.000
8.84,0.00324,-0.00677,0.00250,-1.3439,0.0140,9.8373,-0.000,12.000,-0.000
8.85,0.00665,-0.00831,-0.00061,-1.0092,-0.1204,9.6042,-0.000,12.000,-0.000
8.86,0.00366,-0.00853,0.00287,-0.9215,-0.1457,10.0417,-0.000,12.000,-0.000
8.87,0.00314,-0.00675,0.00205,-0.5483,-0.1268,9.6684,-0.000,12.000,-0.000
8.88,0.00304,-0.00435,0.00069,-1.0452,-0.2782,9.6648,-0.000,12.000,-0.000
8.89,0.00085,-0.00722,0.00071,-1.1504,-0.1551,10.0064,-0.000,12.000,-0.000
8.90,0.00344,-0.00729,0.00577,-0.9606,0.1295,9.9129,-0.000,12.000,-0.000
8.91,0.00277,-0.00267,-0.00003,-1.0264,-0.2931,10.1470,-0.000,12.000,-0.000
8.92,0.00543,-0.00950,-0.00088,-1.3417,-0.4854,9.4067,-0.000,12.000,-0.000
8.93,0.00127,-0.00469,0.00403,-1.1099,-0.1727,9.8168,-0.000,12.000,-0.000
8.94,0.00488,-0.00689,-0.00001,-0.5065,0.3188,9.9215,-0.000,12.000,-0.000
8.95,0.00073,-0.00640,0.00919,-0.6889,0.4287,9.7398,-0.000,12.000,-0.000
8.96,0.00262,-0.01310,-0.00062,-0.9977,-0.4820,9.5072,-0.000,12.000,-0.000
8.97,0.00669,-0.00784,0.00102,-0.9176,-0.3219,10.0865,-0.000,12.000,-0.000
8.98,0.00151,-0.00686,0.00891,-0.5747,-0.0775,9.6352,-0.000,12.000,-0.000
8.99,0.00460,-0.00471,-0.00070,-0.8139,0.1289,10.3433,-0.000,12.000,-0.000
9.00,0.00227,-0.00565,0.00085,-0.8291,-0.3135,9.7790,-0.000,12.000,-0.000
9.01,0.00531,-0.00551,-0.00115,-1.3129,0.4126,10.2240,-0.000,12.000,-0.000
9.02,0.00422,-0.00659,0.00547,-0.8002,0.1861,10.0291,-0.000,11.998,-0.000
9.03,0.00813,-0.01934,-0.00018,-1.0280,-0.2279,9.6796,-0.000,11.990,-0.000
9.04,0.00683,-0.03642,0.00321,-1.3141,0.1046,9.5593,-0.000,11.971,-0.000
9.05,0.00211,-0.06622,0.01270,-1.1466,0.4372,10.2571,-0.000,11.937,-0.000
9.06,0.00417,-0.10331,0.00407,-0.5672,-0.2613,9.7345,-0.000,11.883,-0.000
9.07,0.00323,-0.14855,0.00733,-0.8679,-0.2046,10.0425,-0.000,11.802,-0.000
9.08,0.00409,-0.20245,0.00703,-1.4288,0.2977,10.8915,-0.000,11.691,-0.000
9.09,0.00628,-0.26035,-0.00107,-0.3648,-0.1204,9.4286,-0.000,11.546,-0.000
9.10,0.00330,-0.31863,0.00296,-1.1333,-0.0213,9.4712,-0.000,11.364,-0.000
9.11,0.00143,-0.39329,-0.00057,-1.1542,0.0187,9.6152,-0.000,11.144,-0.000
9.12,0.00292,-0.46067,0.00461,-0.9445,-0.1386,9.8482,-0.000,10.884,-0.000
9.13,0.00661,-0.52992,0.00633,-1.0709,-0.5218,9.6586,-0.000,10.584,-0.000
9.14,0.00460,-0.60303,0.00173,-0.9495,-0.0455,9.5004,-0.000,10.244,-0.000
9.15,0.00229,-0.67060,0.00315,-1.2406,-0.4955,10.0030,-0.000,9.865,-0.000
9.16,0.00397,-0.73230,0.00883,-0.9441,-0.4299,9.8397,-0.000,9.449,-0.000
9.17,0.00331,-0.79521,0.00466,-1.1546,-0.3233,9.8620,-0.000,8.998,-0.000
9.18,0.00311,-0.85375,0.00723,-1.0313,-0.3868,9.6548,-0.000,8.515,-0.000
9.19,0.00377,-0.90684,0.00406,-1.0674,-0.0235,9.6841,-0.000,8.002,-0.000
9.20,0.00539,-0.95222,-0.00132,-0.9510,0.2681,9.9147,-0.000,7.462,-0.000
9.21,0.00520,-0.98773,0.00760,-1.0964,-0.0666,9.8794,-0.000,6.899,-0.000
9.22,0.00770,-1.03053,0.00565,-1.1228,-0.3521,9.5561,-0.000,6.316,-0.000
9.23,0.00011,-1.05576,0.00210,-1.0225,-0.1520,9.6551,-0.000,5.716,-0.000
9.24,0.00541,-1.07781,-0.00228,-1.4088,-0.3834,9.6784,-0.000,5.104,-0.000
9.25,0.00712,-1.09151,0.00119,-1.3548,0.1840,9.8904,-0.000,4.481,-0.000
9.26,0.00275,-1.10325,-0.00083,-1.0619,0.0775,9.8365,-0.000,3.851,-0.000
9.27,0.00696,-1.11037,0.00381,-1.8511,-0.2427,9.8941,-0.000,3.218,-0.000
9.28,0.00228,-1.11295,-0.00219,-1.0090,-0.0885,9.6486,-0.000,2.585,-0.000
9.29,0.00631,-1.10683,0.00441,-1.3417,0.0623,9.5656,-0.000,1.953,-0.000
9.30,0.00986,-1.09330,0.00388,-1.0719,0.0145,10.0971,-0.000,1.326,-0.000
9.31,0.00434,-1.08981,-0.00286,-1.0401,-0.3391,9.4100,-0.000,0.707,-0.000
9.32,0.00420,-1.07102,0.00305,-0.9390,-0.0601,9.7612,-0.000,0.096,-0.000
9.33,0.00743,-1.05449,0.00480,-1.2393,0.3580,10.2310,-0.000,-0.503,-0.000
9.34,0.00109,-1.03057,0.00122,-1.1865,-0.3004,9.6742,-0.000,-1.089,-0.000
9.35,0.00039,-1.00623,-0.00054,-0.6901,0.0562,10.2677,-0.000,-1.661,-0.000
9.36,0.00782,-0.97419,0.00088,-1.3247,-0.1473,10.0958,-0.000,-2.217,-0.000
9.37,0.00681,-0.94725,0.00542,-1.0746,-0.1659,9.5093,-0.000,-2.757,-0.000
9.38,0.00708,-0.91844,0.00785,-0.9308,-0.2807,9.5502,-0.000,-3.278,-0.000
9.39,0.00167,-0.87959,0.00550,-0.8558,-0.0030,10.1199,-0.000,-3.781,-0.000
9.40,0.00352,-0.85109,0.00693,-0.7481,0.2930,9.9012,-0.000,-4.266,-0.000
9.41,0.00111,-0.81763,0.00374,-1.2284,-0.2146,9.7347,-0.000,-4.730,-0.000
9.42,0.00784,-0.78898,0.00762,-1.1043,0.2477,9.6515,-0.000,-5.176,-0.000
9.43,-0.00144,-0.74455,0.00407,-0.6171,0.2602,9.6674,-0.000,-5.601,-0.000
9.44,0.00389,-0.71346,0.00472,-1.1622,0.2041,10.0091,-0.000,-6.007,-0.000
9.45,0.00042,-0.68063,0.00088,-0.7561,-0.3264,9.9695,-0.000,-6.393,-0.000
9.46,0.00151,-0.64372,0.00584,-0.9080,-0.6646,9.7498,-0.000,-6.760,-0.000
9.47,0.00240,-0.60955,0.00043,-1.3910,0.0098,9.7595,-0.000,-7.108,-0.000
9.48,0.00473,-0.58022,0.00250,-1.4306,-0.1211,9.6635,-0.000,-7.437,-0.000
9.49,0.00657,-0.54658,0.00612,-0.7310,-0.0257,9.8514,-0.000,-7.748,-0.000
9.50,0.00370,-0.52115,0.00463,-0.8579,0.1576,10.3986,-0.000,-8.041,-0.000
9.51,0.00291,-0.48615,0.00145,-1.1018,-0.2796,10.4402,-0.000,-8.317,-0.000
9.52,-0.00385,-0.45179,0.00077,-1.0341,0.0256,10.2495,-0.000,-8.576,-0.000
9.53,0.00371,-0.42980,0.00034,-0.5266,0.3557,10.1071,-0.000,-8.820,-0.000
9.54,-0.00087,-0.40473,0.00823,-0.8878,-0.0935,10.0279,-0.000,-9.048,-0.000
9.55,0.00241,-0.37532,0.00169,-1.2410,-0.4103,10.0486,-0.000,-9.262,-0.000
9.56,0.00306,-0.35476,0.00233,-0.0183,0.1429,10.0026,0.000,-9.461,-0.000
9.57,0.00220,-0.32907,0.00393,-0.6927,-0.1480,9.7855,0.000,-9.647,-0.000
9.58,0.01002,-0.30929,0.00363,-1.1855,0.0877,10.1909,0.000,-9.821,-0.000
9.59,0.00624,-0.28762,0.00178,-0.9669,0.2376,10.1084,0.000,-9.983,-0.000
9.60,0.00666,-0.26966,0.00200,-1.0756,-0.3859,10.0917,0.000,-10.133,-0.000
9.61,0.00523,-0.24887,0.00696,-0.8524,0.2671,9.9254,0.000,-10.273,-0.000
9.62,0.00624,-0.23551,0.00286,-0.9166,-0.0641,10.5462,0.000,-10.402,-0.000
9.63,-0.00097,-0.21313,0.00330,-0.7626,0.2811,9.8538,0.000,-10.523,-0.000
9.64,0.00379,-0.19663,0.00628,-0.4312,-0.2768,10.0102,0.000,-10.634,-0.000
9.65,0.00171,-0.18178,0.00030,-0.7270,0.1197,10.6084,0.000,-10.737,-0.000
9.66,0.00375,-0.17440,-0.00123,-0.5204,0.2825,9.9033,0.000,-10.832,-0.000
9.67,0.00482,-0.15734,0.00111,-0.6922,-0.3589,9.6656,0.000,-10.920,-0.000
9.68,0.00012,-0.15247,0.00100,-0.6065,0.1463,9.8682,0.000,-11.001,-0.000
9.69,-0.00298,-0.13599,0.00394,-0.6221,0.1009,9.8838,0.000,-11.076,-0.000
9.70,0.00546,-0.12708,0.00258,-0.7648,-0.2063,10.0315,0.000,-11.145,-0.000
9.71,0.00328,-0.10719,0.00013,-0.8737,0.0662,9.5278,0.000,-11.209,-0.000
9.72,0.00718,-0.11058,0.00900,-0.7434,-0.2170,10.1246,0.000,-11.268,-0.000
9.73,0.00630,-0.10288,0.00251,-1.0584,-0.0262,10.2528,0.000,-11.322,-0.000
9.74,0.00485,-0.09214,0.00456,-0.5996,-0.2776,9.8650,-0.000,-11.372,-0.000
9.75,-0.00136,-0.08244,0.00095,-0.5356,-0.0038,10.1292,-0.000,-11.418,-0.000
9.76,0.00145,-0.07627,0.00360,-0.8515,-0.6365,9.9576,-0.000,-11.460,-0.000
9.77,0.00263,-0.07567,0.00299,-0.5399,-0.3911,10.2656,-0.000,-11.499,-0.000
9.78,0.00533,-0.07089,0.00363,-0.8384,-0.1231,9.9751,-0.000,-11.534,-0.000
9.79,0.00400,-0.06365,0.00157,-0.8011,0.5787,10.0022,-0.000,-11.567,-0.000
9.80,0.00291,-0.06097,0.00110,-0.5878,-0.2252,10.2041,-0.000,-11.598,-0.000
9.81,-0.00059,-0.05684,-0.00362,-0.6574,0.1335,10.2115,-0.000,-11.626,-0.000
9.82,0.00132,-0.05010,0.00548,-0.9815,-0.1413,10.7247,-0.000,-11.652,-0.000
9.83,0.00316,-0.04385,0.00450,-0.6972,-0.2414,10.1537,-0.000,-11.675,-0.000
9.84,0.00500,-0.04382,0.00768,-0.5379,-0.0931,9.8795,-0.000,-11.697,-0.000
9.85,0.00543,-0.04219,0.00229,-0.5459,-0.2688,9.9657,-0.000,-11.718,-0.000
9.86,0.00267,-0.04024,0.00470,-0.7758,-0.1211,10.6743,-0.000,-11.736,-0.000
9.87,0.00166,-0.03564,-0.00098,-0.3258,-0.2442,10.1197,-0.000,-11.754,-0.000
9.88,0.00917,-0.03842,0.00043,-0.4938,0.0555,9.5022,-0.000,-11.770,-0.000
9.89,0.00804,-0.03457,0.00025,-0.5598,-0.4024,10.5076,-0.000,-11.785,-0.000
9.90,0.00624,-0.03019,0.00385,-0.5499,-0.3180,9.6298,-0.000,-11.798,-0.000
9.91,0.00567,-0.02416,0.01158,-0.7304,-0.3330,10.3765,-0.000,-11.811,-0.000
9.92,0.00557,-0.02420,0.00008,-0.4517,-0.1111,9.9168,-0.000,-11.823,-0.000
9.93,0.00342,-0.02606,0.00258,0.1685,-0.5497,10.0691,-0.000,-11.834,-0.000
9.94,0.00607,-0.02021,0.00473,-0.5042,-0.3140,10.2309,-0.000,-11.844,-0.000
9.95,0.00357,-0.02520,0.00467,-0.7513,-0.0131,9.9635,-0.000,-11.854,-0.000
9.96,0.00643,-0.02361,0.00598,-0.5146,0.1668,9.8949,-0.000,-11.863,-0.000
9.97,0.00738,-0.02255,-0.00112,-0.3786,0.1154,10.3175,-0.000,-11.871,-0.000
9.98,0.00186,-0.01363,0.00167,-0.4825,-0.2590,9.7817,-0.000,-11.879,-0.000
9.99,-0.00148,-0.01946,0.00411,-0.6361,-0.1278,9.8176,-0.000,-11.886,-0.000
10.00,0.00669,-0.01906,0.00223,-0.3939,0.2314,10.2454,-0.000,-11.893,-0.000
10.01,0.00117,-0.01879,-0.00079,-0.1135,-0.0842,10.3243,-0.000,-11.900,-0.000
10.02,0.00712,-0.01714,0.00283,-0.7770,-0.1114,10.3146,-0.000,-11.906,-0.000
10.03,0.00340,-0.01078,0.00122,-0.4930,-0.0139,10.2293,-0.000,-11.911,-0.000
10.04,0.00063,-0.01057,0.00415,-0.6439,-0.1206,9.6906,-0.000,-11.916,-0.000
10.05,0.00133,-0.01832,0.00790,-0.6921,0.4283,10.3764,-0.000,-11.921,-0.000
10.06,0.00438,-0.01425,0.01161,-0.1203,-0.3020,9.5289,-0.000,-11.926,-0.000
10.07,0.00472,-0.01548,0.00178,0.0023,0.1632,10.5194,-0.000,-11.930,-0.000
10.08,0.00498,-0.01043,-0.00005,-0.2312,0.2246,9.5659,-0.000,-11.935,-0.000
10.09,0.00299,-0.01611,0.00262,0.0036,0.1992,10.3762,-0.000,-11.938,-0.000
10.10,0.01168,-0.01155,0.00884,-0.2425,0.0637,10.2102,-0.000,-11.942,-0.000
10.11,0.00659,-0.01004,-0.00194,-0.1156,0.0182,9.7308,-0.000,-11.946,-0.000
10.12,0.00098,-0.01489,-0.00203,-0.4196,0.0685,9.8750,-0.000,-11.949,-0.000
10.13,-0.00081,-0.01033,-0.00045,-0.2195,-0.1391,9.8978,-0.000,-11.952,-0.000
10.14,0.00571,-0.00682,0.00435,-0.0944,0.0607,10.3057,-0.000,-11.955,-0.000
10.15,0.00501,-0.01107,-0.00370,-0.4520,0.0052,10.1644,-0.000,-11.958,-0.000
10.16,0.00684,-0.01038,0.00657,-0.0530,0.4150,10.4611,-0.000,-11.960,-0.000
10.17,0.00589,-0.01018,0.00406,-0.8643,0.4322,10.0655,-0.000,-11.963,-0.000
10.18,-0.00066,-0.01191,0.00305,-0.3453,0.2826,9.8108,-0.000,-11.965,-0.000
10.19,0.00116,-0.01184,0.00482,-0.2232,0.1620,9.9602,-0.000,-11.967,-0.000
10.20,0.00258,-0.01295,0.00276,-0.0927,-0.4095,10.2221,-0.000,-11.969,-0.000
10.21,0.00713,-0.01359,0.00245,-0.3862,-0.0332,10.0418,-0.000,-11.971,-0.000
10.22,0.00097,-0.01034,0.00215,-0.4251,-0.0191,10.4110,-0.000,-11.973,-0.000
10.23,0.00437,-0.00775,0.00824,-0.8000,-0.1729,9.8746,-0.000,-11.974,-0.000
10.24,0.00312,-0.00645,0.00077,0.1044,-0.0780,10.1249,-0.000,-11.976,-0.000
10.25,0.00508,-0.00694,0.00339,-0.3789,0.1872,9.9212,-0.000,-11.978,-0.000
10.26,0.00254,-0.00583,-0.00115,0.0475,0.2962,10.3365,-0.000,-11.979,-0.000
10.27,0.00116,-0.00680,0.00289,-0.5016,0.1952,10.2008,-0.000,-11.980,-0.000
10.28,0.00701,-0.00894,0.00718,0.2163,-0.1401,9.7725,-0.000,-11.982,-0.000
10.29,0.00701,-0.00653,0.00010,-0.5986,-0.0708,9.8295,-0.000,-11.983,-0.000
10.30,0.00536,-0.01075,0.00429,-0.2555,0.2658,10.0270,-0.000,-11.984,-0.000
10.31,-0.00118,-0.00734,0.00596,-0.0024,-0.0579,10.0431,-0.000,-11.985,-0.000
10.32,-0.00153,-0.00397,0.00245,-0.3048,0.1259,9.8745,-0.000,-11.986,-0.000
10.33,0.00199,-0.00727,0.00567,-0.3656,-0.4292,9.7112,-0.000,-11.987,-0.000
10.34,0.00487,-0.00543,0.00385,0.0008,-0.0113,9.7017,-0.000,-11.988,-0.000
10.35,0.00110,-0.00311,0.00261,0.5228,0.2005,9.9205,-0.000,-11.988,-0.000
10.36,0.00245,-0.01198,0.00544,-0.4731,0.0326,10.0641,-0.000,-11.989,-0.000
10.37,0.00283,-0.00260,0.00908,-0.3879,-0.1785,9.6716,-0.000,-11.990,-0.000
10.38,0.00390,-0.01097,0.00451,-0.3114,-0.1773,9.7878,-0.000,-11.991,-0.000
10.39,0.01033,-0.00627,0.00549,-0.0231,-0.0562,10.1042,-0.000,-11.991,-0.000
10.40,0.00829,-0.00617,0.00483,-0.2419,-0.3653,10.5961,-0.000,-11.992,-0.000
10.41,0.00431,-0.00812,0.00402,-0.2459,-0.5180,10.1055,-0.000,-11.992,-0.000
10.42,0.00711,-0.00561,0.00300,-0.0307,0.4359,10.0767,-0.000,-11.993,-0.000
10.43,0.00410,-0.01634,0.00481,-0.2585,-0.1079,10.0783,-0.000,-11.993,-0.000
10.44,0.00631,-0.01042,0.00303,-0.0141,0.1693,10.4429,-0.000,-11.994,-0.000
10.45,0.01075,-0.00402,0.00441,-0.2871,-0.1627,9.6825,-0.000,-11.994,-0.000
10.46,0.00576,-0.00869,0.00438,-0.0181,0.1843,10.1650,-0.000,-11.995,-0.000
10.47,0.00392,-0.00866,0.00382,-0.3121,-0.1475,9.9374,-0.000,-11.995,-0.000
10.48,0.00487,-0.00320,0.00541,-0.2738,0.2858,9.9434,-0.000,-11.995,-0.000
10.49,0.00256,-0.00663,-0.00028,-0.0141,-0.5399,9.8699,-0.000,-11.996,-0.000
10.50,0.00268,-0.00670,0.00648,0.1430,-0.2130,10.0265,-0.000,-11.996,-0.000
10.51,0.00141,-0.01330,0.00361,-0.5153,0.1301,10.1429,-0.000,-11.996,-0.000
10.52,0.00296,-0.00675,0.00199,-0.4707,0.1001,10.1533,-0.000,-11.996,-0.000
10.53,0.00541,-0.00445,-0.00161,-0.4721,-0.0615,10.3902,-0.000,-11.997,-0.000
10.54,0.00587,-0.00457,0.00099,0.0943,0.1865,10.1304,-0.000,-11.997,-0.000
10.55,0.00134,-0.00531,0.00387,0.1714,-0.3286,10.1156,-0.000,-11.997,-0.000
10.56,0.00183,-0.00754,0.00051,0.1622,-0.3472,9.8087,-0.000,-11.997,-0.000
10.57,0.00375,-0.00530,0.00376,-0.1094,-0.0375,10.5334,-0.000,-11.997,-0.000
10.58,0.00451,-0.00666,0.00177,0.1101,-0.3324,10.3214,-0.000,-11.998,-0.000
10.59,0.00390,-0.00475,0.00097,-0.0619,0.1081,9.3379,-0.000,-11.998,-0.000
10.60,0.00590,-0.00226,0.00065,0.0222,0.3677,9.6850,-0.000,-11.998,-0.000
10.61,0.00421,-0.00613,-0.00542,0.0774,-0.1711,9.8722,-0.000,-11.998,-0.000
10.62,0.00502,-0.01020,0.00681,-0.0011,0.2406,9.9804,-0.000,-11.998,-0.000
10.63,0.00435,-0.00470,0.00003,-0.1102,0.2008,9.9923,-0.000,-11.998,-0.000
10.64,0.00215,-0.00598,0.00488,-0.5451,-0.0079,9.9371,-0.000,-11.998,-0.000
10.65,-0.00001,-0.00653,0.00452,-0.1124,0.4521,10.1528,-0.000,-11.999,-0.000
10.66,0.00515,-0.00887,0.00331,-0.0406,-0.0439,10.1752,-0.000,-11.999,-0.000
10.67,-0.00036,-0.00113,0.00520,-0.4682,0.5698,9.8022,-0.000,-11.999,-0.000
10.68,0.00639,-0.00646,0.00117,-0.0495,0.1601,10.0002,-0.000,-11.999,-0.000
10.69,0.00619,-0.01047,0.00101,-0.0156,-0.3250,9.8213,-0.000,-11.999,-0.000
10.70,0.00186,-0.00432,0.00397,-0.1283,0.0317,9.7383,-0.000,-11.999,-0.000
10.71,0.00516,-0.00385,0.00420,0.2632,-0.3785,10.4913,-0.000,-11.999,-0.000
10.72,0.00462,-0.01368,0.00642,0.2517,0.1781,9.6052,-0.000,-11.999,-0.000
10.73,0.00321,-0.00492,0.00570,0.1903,-0.2111,10.2418,-0.000,-11.999,-0.000
10.74,0.00198,-0.00588,0.00602,0.0447,0.0408,9.7961,-0.000,-11.999,-0.000
10.75,0.00503,-0.00497,0.00164,0.1706,-0.2878,10.1874,-0.000,-11.999,-0.000
10.76,0.00033,-0.00787,-0.00210,-0.7702,-0.1365,9.9694,-0.000,-11.999,-0.000
10.77,0.00195,-0.00586,0.00185,-0.1542,-0.2439,10.0905,-0.000,-11.999,-0.000
10.78,0.00181,-0.00915,-0.00372,-0.1131,-0.3933,9.9097,-0.000,-11.999,-0.000
10.79,0.00413,-0.00176,0.00091,0.1892,-0.0881,10.4832,-0.000,-11.999,-0.000
10.80,-0.00163,-0.00595,0.00323,-0.1086,-0.0277,10.1555,-0.000,-11.999,-0.000
10.81,0.00259,-0.00672,0.00385,0.1608,-0.2165,10.2037,-0.000,-11.999,-0.000
10.82,0.00549,-0.00960,0.00233,-0.3400,-0.0505,10.1927,-0.000,-12.000,-0.000
10.83,0.00242,-0.00754,0.00045,-0.0732,0.0982,9.7932,-0.000,-12.000,-0.000
10.84,-0.00245,-0.00316,0.00497,-0.3873,-0.1410,9.6976,-0.000,-12.000,-0.000
10.85,0.00817,-0.00214,0.00385,0.0116,0.3850,9.8028,-0.000,-12.000,-0.000
10.86,-0.00068,-0.00310,0.00268,-0.2390,-0.2694,9.9018,-0.000,-12.000,-0.000
10.87,0.00424,-0.01190,0.00242,-0.2210,-0.3067,10.0559,-0.000,-12.000,-0.000
10.88,-0.00738,-0.01044,0.00202,0.3019,-0.1134,10.0832,-0.000,-12.000,-0.000
10.89,0.00246,-0.01026,0.00290,0.0659,0.2449,10.3121,-0.000,-12.000,-0.000
10.90,-0.00299,-0.01079,0.00294,-0.6885,0.0615,10.0561,-0.000,-12.000,-0.000
10.91,0.00573,-0.00713,0.00761,-0.3727,-0.4148,10.7378,-0.000,-12.000,-0.000
10.92,0.01192,-0.00759,0.00493,-0.1321,-0.5704,9.9010,-0.000,-12.000,-0.000
10.93,0.00321,-0.00831,0.00054,-0.0086,0.0076,9.6404,-0.000,-12.000,-0.000
10.94,0.00419,-0.00338,0.00167,-0.2990,-0.2104,9.7839,-0.000,-12.000,-0.000
10.95,0.00353,-0.00001,0.00533,-0.3165,-0.0181,10.4374,-0.000,-12.000,-0.000
10.96,0.00063,-0.00406,0.00541,0.0991,-0.3616,9.9065,-0.000,-12.000,-0.000
10.97,0.00414,-0.01179,0.00340,0.1434,-0.1112,9.7656,-0.000,-12.000,-0.000
10.98,0.00266,-0.00198,-0.00103,-0.0699,-0.0344,9.7045,-0.000,-12.000,-0.000
10.99,0.00615,-0.00154,0.00949,-0.4160,0.0690,10.2977,-0.000,-12.000,-0.000
11.00,0.00423,-0.00911,0.00637,-0.1112,0.3261,9.7134,-0.000,-12.000,-0.000
11.01,0.00035,-0.00713,-0.00087,-0.0064,0.4847,10.2285,-0.000,-12.000,-0.000
11.02,0.00496,-0.00422,-0.00009,0.4098,0.1445,9.9190,-0.000,-11.999,-0.000
11.03,-0.00176,0.00432,0.00487,-0.0731,0.2159,9.6371,-0.000,-11.995,-0.000
11.04,-0.00014,0.01203,0.00231,0.1146,0.6311,10.4402,-0.000,-11.986,-0.000
11.05,0.00754,0.02151,-0.00192,0.0009,0.3744,10.2221,-0.000,-11.969,-0.000
11.06,0.00573,0.04365,0.00373,0.0065,-0.3553,9.8258,-0.000,-11.941,-0.000
11.07,0.00307,0.07059,0.00255,0.0871,-0.1851,9.9385,-0.000,-11.901,-0.000
11.08,0.00540,0.09237,0.00464,-0.3282,-0.0240,10.1580,-0.000,-11.845,-0.000
11.09,0.00328,0.11890,0.00413,0.2948,0.1257,9.7410,-0.000,-11.773,-0.000
11.10,0.00914,0.15416,0.00322,-0.3289,0.0544,10.0679,-0.000,-11.682,-0.000
11.11,0.00208,0.18512,0.00754,-0.0072,0.0008,9.7902,-0.000,-11.572,-0.000
11.12,-0.00189,0.21866,-0.00126,-0.0289,0.6416,10.3299,-0.000,-11.442,-0.000
11.13,0.00156,0.26192,0.00220,-0.2107,-0.1142,10.1303,-0.000,-11.292,-0.000
11.14,0.00247,0.28872,0.00380,0.1259,-0.1936,9.5731,-0.000,-11.122,-0.000
11.15,0.00393,0.32546,0.00090,-0.0072,-0.2861,9.5371,-0.000,-10.932,-0.000
11.16,-0.00242,0.36209,0.00211,0.1510,-0.0987,9.9122,-0.000,-10.725,-0.000
11.17,0.00653,0.38918,-0.00034,-0.0059,-0.2524,10.0777,-0.000,-10.499,-0.000
11.18,0.00730,0.41961,0.00259,-0.1966,0.1450,9.6691,-0.000,-10.257,-0.000
11.19,-0.00298,0.44601,-0.00094,0.0786,-0.4926,10.1904,-0.000,-10.001,-0.000
11.20,0.00226,0.46276,0.00097,0.1337,-0.0233,9.7207,-0.000,-9.731,-0.000
11.21,0.00643,0.48801,0.00192,0.1608,-0.2374,10.1835,-0.000,-9.450,-0.000
11.22,0.00067,0.50524,-0.00229,-0.0878,-0.2822,9.9311,-0.000,-9.158,-0.000
11.23,0.00194,0.51429,0.00781,-0.4207,0.4701,10.2050,-0.000,-8.858,-0.000
11.24,0.00191,0.52998,0.00066,-0.0076,0.2443,9.8078,-0.000,-8.552,-0.000
11.25,-0.00181,0.54189,0.00313,0.0237,-0.3930,9.7450,-0.000,-8.240,-0.000
11.26,0.00517,0.53867,0.00518,0.2327,0.0913,9.8245,-0.000,-7.926,-0.000
11.27,0.00064,0.54543,0.00202,0.1890,0.2495,9.9464,-0.000,-7.609,-0.000
11.28,0.00614,0.55485,-0.00245,0.1043,-0.0275,9.5243,-0.000,-7.292,-0.000
11.29,0.00368,0.54137,0.00708,0.2266,0.0587,9.9672,-0.000,-6.976,-0.000
11.30,0.00388,0.53766,0.00618,0.1638,-0.1020,9.8258,-0.000,-6.663,-0.000
11.31,0.00801,0.52959,0.00183,0.0183,0.1608,10.1574,-0.000,-6.353,-0.000
11.32,0.00443,0.52942,0.00570,0.4590,-0.0739,9.5979,-0.000,-6.048,-0.000
11.33,0.00293,0.51100,0.00408,-0.1209,-0.1165,9.5745,-0.000,-5.748,-0.000
11.34,0.00946,0.50327,0.00292,-0.0059,-0.2362,9.9047,-0.000,-5.455,-0.000
11.35,-0.00014,0.49516,0.00399,0.2923,-0.2125,9.7071,-0.000,-5.169,-0.000
11.36,0.00295,0.47993,0.00330,-0.0436,-0.0956,9.7433,-0.000,-4.891,-0.000
11.37,0.00009,0.46208,0.00375,0.1205,-0.0892,9.5863,-0.000,-4.622,-0.000
11.38,0.00125,0.45234,0.00368,-0.0797,0.1151,9.8468,-0.000,-4.361,-0.000
11.39,0.00882,0.43010,0.00428,-0.0810,0.2227,10.0690,-0.000,-4.109,-0.000
11.40,0.00243,0.41995,-0.00175,-0.0467,0.2250,9.5065,-0.000,-3.867,-0.000
11.41,0.00571,0.39895,0.00657,-0.0694,0.0731,10.1087,-0.000,-3.635,-0.000
11.42,0.00358,0.37924,0.00525,0.5422,0.3073,9.7126,-0.000,-3.412,-0.000
11.43,0.00557,0.36711,0.00139,0.5112,0.3657,9.6810,-0.000,-3.199,-0.000
11.44,0.00472,0.34719,0.00508,-0.3372,-0.1348,10.1849,-0.000,-2.996,-0.000
11.45,0.00683,0.32888,0.00122,-0.1746,-0.0377,9.8666,-0.000,-2.803,-0.000
11.46,0.00834,0.31464,0.00186,0.0686,0.2804,9.9027,-0.000,-2.620,-0.000
11.47,0.00404,0.29902,-0.00329,0.0004,0.2659,9.8425,-0.000,-2.446,-0.000
11.48,0.00244,0.27417,0.01127,-0.1528,-0.3731,9.4231,-0.000,-2.281,-0.000
11.49,0.00590,0.26242,0.00465,-0.3576,0.0057,10.1239,-0.000,-2.126,-0.000
11.50,-0.00084,0.25295,0.00278,0.0180,0.0530,9.6093,-0.000,-1.979,-0.000
11.51,0.00493,0.23627,0.00335,0.1510,-0.4339,10.1106,-0.000,-1.841,-0.000
11.52,0.00494,0.22107,0.00527,-0.3619,0.1040,9.6539,-0.000,-1.712,-0.000
11.53,0.00133,0.20469,0.01012,-0.0918,-0.0486,9.9982,-0.000,-1.590,-0.000
11.54,0.00102,0.19265,-0.00101,0.5870,0.3730,9.4360,-0.000,-1.476,-0.000
11.55,0.00546,0.17995,0.00001,-0.2919,-0.0514,10.1515,-0.000,-1.369,-0.000
11.56,0.00615,0.16317,0.00282,-0.1593,0.0101,9.3578,-0.000,-1.269,-0.000
11.57,-0.00336,0.15065,0.00364,0.1742,-0.0051,9.4606,-0.000,-1.176,-0.000
11.58,0.00316,0.14663,-0.00241,-0.2013,-0.1886,9.5913,-0.000,-1.089,-0.000
11.59,0.00236,0.13091,-0.00225,0.0997,0.0907,9.4647,-0.000,-1.009,-0.000
11.60,0.00267,0.12947,0.00508,0.3029,-0.0510,10.0176,-0.000,-0.933,-0.000
11.61,0.00358,0.11498,0.00076,0.0616,-0.4222,9.6813,-0.000,-0.864,-0.000
11.62,0.00207,0.11006,0.00485,-0.0053,0.0513,9.6086,-0.000,-0.799,-0.000
11.63,0.00790,0.10365,-0.00021,0.2795,-0.1550,10.3137,-0.000,-0.739,-0.000
11.64,0.00816,0.08823,0.00283,0.1015,-0.5756,10.0979,-0.000,-0.683,-0.000
11.65,0.01222,0.08260,0.00203,-0.0216,-0.1594,9.5961,-0.000,-0.632,-0.000
11.66,0.00987,0.07222,0.00389,-0.3109,0.3694,9.9671,-0.000,-0.584,-0.000
11.67,0.00409,0.07121,0.00256,0.0832,-0.3355,9.5632,-0.000,-0.540,-0.000
11.68,0.00259,0.06328,0.00222,-0.1499,0.3714,9.7414,-0.000,-0.499,-0.000
11.69,0.00301,0.05521,0.00454,0.2120,-0.1980,9.4849,-0.000,-0.462,-0.000
11.70,0.00089,0.05509,0.00422,-0.0320,0.2243,10.0639,-0.000,-0.427,-0.000
11.71,0.00376,0.05080,0.00642,0.0748,0.0198,9.8878,-0.000,-0.395,-0.000
11.72,0.00598,0.03664,0.00628,0.4747,-0.1159,10.2897,-0.000,-0.366,-0.000
11.73,0.00656,0.04549,0.00315,0.2644,0.4872,9.9358,-0.000,-0.339,-0.000
11.74,0.00357,0.03989,0.00308,-0.0457,0.3061,9.5199,-0.000,-0.314,-0.000
11.75,0.00428,0.03064,0.00673,-0.0365,0.0780,9.8717,-0.000,-0.291,-0.000
11.76,0.00500,0.03388,0.00402,0.0470,-0.3473,10.0298,-0.000,-0.270,-0.000
11.77,0.00467,0.03337,0.00193,0.1412,-0.5097,9.7106,-0.000,-0.251,-0.000
11.78,0.00343,0.02433,0.00413,-0.3899,0.2083,9.8412,-0.000,-0.233,-0.000
11.79,0.00285,0.02739,0.00427,0.1055,0.0348,10.2644,-0.000,-0.216,-0.000
11.80,0.00170,0.01892,0.00245,-0.0096,-0.4074,10.3465,-0.000,-0.201,-0.000
11.81,0.00605,0.01630,0.00335,0.2565,-0.1729,9.9277,-0.000,-0.187,-0.000
11.82,0.00328,0.02493,-0.00502,-0.1110,-0.0263,9.7083,-0.000,-0.174,-0.000
11.83,0.00422,0.01568,0.00208,-0.1993,-0.2119,9.9680,-0.000,-0.162,-0.000
11.84,0.00055,0.01451,0.00632,-0.1233,0.0147,9.7886,-0.000,-0.151,-0.000
11.85,0.00563,0.01173,0.00290,0.0486,-0.1126,9.8965,-0.000,-0.141,-0.000
11.86,0.00907,0.00931,0.00283,-0.3087,0.2962,9.7445,-0.000,-0.132,-0.000
11.87,0.00715,0.00711,0.00340,-0.2548,-0.0549,9.9471,-0.000,-0.123,-0.000
11.88,0.00558,0.00383,0.00388,-0.0436,-0.2529,9.6215,-0.000,-0.115,-0.000
11.89,0.00331,0.00449,0.00587,-0.1886,-0.2665,9.7574,-0.000,-0.108,-0.000
11.90,0.00178,0.00704,0.00226,0.3214,0.0589,9.8180,-0.000,-0.101,-0.000
11.91,0.00421,0.00296,0.00227,-0.2322,-0.0727,10.1081,-0.000,-0.094,-0.000
11.92,0.00146,0.00499,0.00712,-0.0994,-0.3502,9.6811,-0.000,-0.088,-0.000
11.93,0.00627,0.00828,-0.00074,-0.0661,-0.2522,10.1052,-0.000,-0.083,-0.000
11.94,0.00323,-0.00337,0.00879,0.0575,0.2801,10.1319,-0.000,-0.078,-0.000
11.95,0.00286,0.00558,0.00478,0.0277,-0.1156,9.5370,-0.000,-0.073,-0.000
11.96,0.00748,0.00395,0.00469,0.3855,0.1000,10.1813,-0.000,-0.068,-0.000
11.97,0.00355,0.00090,0.00428,-0.2008,-0.0395,9.9748,-0.000,-0.064,-0.000
11.98,0.01042,-0.00028,-0.00105,0.3535,-0.0058,9.5384,-0.000,-0.060,-0.000
11.99,-0.00113,-0.00379,0.00352,0.3082,-0.1469,9.6186,-0.000,-0.057,-0.000
12.00,-0.00311,-0.00258,-0.00108,0.3665,-0.0802,9.8427,-0.000,-0.053,-0.000
12.01,0.00551,-0.00195,0.00455,0.0982,-0.3669,10.1664,-0.000,-0.050,-0.000
12.02,-0.00066,-0.00114,-0.00160,0.4394,-0.1109,9.9263,-0.000,-0.047,-0.000
12.03,0.00740,-0.00214,0.00438,-0.2784,-0.1228,9.6410,-0.000,-0.044,-0.000
12.04,0.00907,0.00072,-0.00045,-0.2663,0.3064,9.5386,-0.000,-0.042,-0.000
12.05,0.00352,-0.00010,0.00611,0.5276,0.0742,9.8273,-0.000,-0.039,-0.000
12.06,0.00213,-0.00368,0.00531,0.2465,0.1809,9.9601,-0.000,-0.037,-0.000
12.07,0.00435,-0.00471,0.00449,0.2939,-0.1228,9.9837,-0.000,-0.035,-0.000
12.08,0.00593,0.00087,-0.00029,-0.0655,-0.1409,9.9604,-0.000,-0.033,-0.000
12.09,0.00677,-0.00462,0.00144,0.2276,0.4212,9.7559,-0.000,-0.031,-0.000
12.10,0.00756,0.00119,0.00248,-0.1710,-0.4001,9.8864,-0.000,-0.029,-0.000
12.11,0.00800,-0.00600,0.00646,-0.4378,0.1982,9.7806,-0.000,-0.027,-0.000
12.12,0.00484,-0.00229,0.00165,0.1261,-0.1974,9.6488,-0.000,-0.026,-0.000
12.13,0.00176,-0.00540,0.00496,-0.1857,-0.0478,9.7824,-0.000,-0.024,-0.000
12.14,0.00551,-0.00024,0.00145,0.2045,-0.5614,9.6039,-0.000,-0.023,-0.000
12.15,0.00576,-0.00108,0.00668,0.0571,-0.4243,9.7855,-0.000,-0.021,-0.000
12.16,0.00610,-0.00518,-0.00101,0.1662,0.1877,9.4885,-0.000,-0.020,-0.000
12.17,0.00731,-0.00251,0.00419,0.1393,-0.0074,9.5722,-0.000,-0.019,-0.000
12.18,0.00694,-0.00630,0.00409,-0.1021,-0.1201,10.0041,-0.000,-0.018,-0.000
12.19,0.00265,-0.00681,-0.00445,-0.1483,0.0888,9.6475,-0.000,-0.016,-0.000
12.20,0.00117,-0.00491,-0.00135,0.1306,-0.0084,9.6545,-0.000,-0.015,-0.000
12.21,-0.00274,-0.00365,0.00445,0.1926,0.1900,9.7769,-0.000,-0.015,-0.000
12.22,0.00741,-0.00228,-0.00103,0.0730,-0.2277,9.6980,-0.000,-0.014,-0.000
12.23,0.00298,-0.00524,0.00485,-0.2195,0.0984,10.0027,-0.000,-0.013,-0.000
12.24,0.00038,0.00042,0.00325,-0.1846,-0.0540,9.3663,-0.000,-0.012,-0.000
12.25,0.01007,-0.01101,0.00399,-0.0598,-0.0451,9.8404,-0.000,-0.011,-0.000
12.26,0.00298,-0.00438,0.00598,-0.1381,0.1229,9.4396,-0.000,-0.011,-0.000
12.27,0.00314,-0.00579,0.00509,0.3215,-0.1589,9.5731,-0.000,-0.010,-0.000
12.28,0.00571,-0.00436,0.00443,0.1304,-0.2276,9.9973,-0.000,-0.009,-0.000
12.29,0.00402,-0.00539,0.00641,0.2725,0.2924,9.9841,-0.000,-0.009,-0.000
12.30,0.00552,-0.00303,0.00255,-0.0962,-0.3838,9.8937,-0.000,-0.008,-0.000
12.31,0.00375,-0.00296,0.00173,-0.1005,0.0488,9.5822,-0.000,-0.008,-0.000
12.32,0.00351,-0.00649,0.00038,0.1385,-0.1551,9.7433,-0.000,-0.007,-0.000
12.33,0.00340,-0.00766,0.00281,-0.3201,-0.2669,9.5597,-0.000,-0.007,-0.000
12.34,0.00024,-0.01049,0.00024,-0.1893,0.1347,9.8589,-0.000,-0.006,-0.000
12.35,0.00215,-0.00775,0.00597,-0.0855,0.2717,9.7458,-0.000,-0.006,-0.000
12.36,0.00390,-0.00707,-0.00601,0.0240,-0.0633,9.5421,-0.000,-0.005,-0.000
12.37,0.00069,-0.00278,0.00170,-0.2169,0.2733,9.2716,-0.000,-0.005,-0.000
12.38,0.00295,-0.00234,0.00410,-0.0657,-0.3715,9.7345,-0.000,-0.005,-0.000
12.39,-0.00074,-0.00879,0.00395,-0.1716,0.0601,9.7503,-0.000,-0.004,-0.000
12.40,0.00668,-0.00439,0.00623,0.4687,-0.6259,9.9345,-0.000,-0.004,-0.000
12.41,0.00402,-0.00588,0.00780,-0.1056,0.5271,10.2875,-0.000,-0.004,-0.000
12.42,0.00538,0.00128,0.00704,0.1872,-0.4908,9.9947,-0.000,-0.004,-0.000
12.43,0.00227,-0.00331,0.00212,-0.2011,0.1177,10.0999,-0.000,-0.003,-0.000
12.44,-0.00140,-0.00315,0.00224,0.0354,0.3111,10.0640,-0.000,-0.003,-0.000
12.45,0.00690,-0.01172,0.00231,-0.2818,-0.0152,9.5586,-0.000,-0.003,-0.000
12.46,0.00220,-0.00633,0.00543,0.1983,-0.0717,9.8855,-0.000,-0.003,-0.000
12.47,0.00349,-0.00603,0.00414,0.0355,0.1664,9.5263,-0.000,-0.003,-0.000
12.48,0.00609,-0.00494,0.00146,-0.0725,0.2883,10.4102,-0.000,-0.002,-0.000
12.49,0.00128,-0.00279,-0.00452,0.1383,0.0693,9.6214,-0.000,-0.002,-0.000
12.50,0.00480,-0.00807,-0.00421,0.0314,-0.0688,10.1999,-0.000,-0.002,-0.000
12.51,0.00502,-0.00191,0.00053,0.0409,0.1206,9.8615,-0.000,-0.002,-0.000
12.52,-0.00078,-0.00592,0.00528,0.2429,0.5925,9.7396,-0.000,-0.002,-0.000
12.53,0.00194,-0.00675,0.00321,0.2240,-0.1960,9.9205,-0.000,-0.002,-0.000
12.54,0.00654,-0.00156,0.00469,-0.1043,-0.0606,10.0782,-0.000,-0.002,-0.000
12.55,0.00533,-0.00336,0.00351,-0.3134,-0.0369,9.8079,-0.000,-0.001,-0.000
12.56,0.00344,-0.00931,0.00658,0.0882,-0.2523,9.5397,-0.000,-0.001,-0.000
12.57,0.00725,-0.00271,0.00108,-0.2656,0.3287,9.7354,-0.000,-0.001,-0.000
12.58,-0.00117,-0.00799,0.00043,-0.1268,-0.4536,9.7309,-0.000,-0.001,-0.000
12.59,0.00222,-0.00081,-0.00037,0.0459,0.0088,9.7594,-0.000,-0.001,-0.000
12.60,0.00456,-0.00745,0.00424,0.2949,0.0910,9.3202,-0.000,-0.001,-0.000
12.61,0.00333,0.00041,0.00422,-0.2493,-0.2868,9.4908,-0.000,-0.001,-0.000
12.62,0.00171,-0.00819,0.00278,-0.1473,0.0357,9.8799,-0.000,-0.001,-0.000
12.63,0.00221,-0.00417,-0.00124,-0.1630,0.1337,10.1654,-0.000,-0.001,-0.000
12.64,0.00380,-0.00985,-0.00004,0.0665,-0.1200,9.6252,-0.000,-0.001,-0.000
12.65,0.01313,-0.00178,0.00162,0.1371,-0.0072,9.7316,-0.000,-0.001,-0.000
12.66,0.00623,-0.00769,0.00331,-0.3368,0.0466,9.5711,-0.000,-0.001,-0.000
12.67,0.00264,-0.00441,0.00478,-0.1298,0.0180,9.9134,-0.000,-0.001,-0.000
12.68,0.00611,-0.00467,0.00923,0.0365,0.5679,9.6950,-0.000,-0.001,-0.000
12.69,0.00780,-0.00406,-0.00182,-0.1830,0.4680,10.1728,-0.000,-0.001,-0.000
12.70,0.00063,-0.00938,-0.00073,-0.1010,-0.0681,9.7961,-0.000,-0.001,-0.000
12.71,0.00204,-0.00895,-0.00145,-0.0900,0.1021,9.8138,-0.000,-0.000,-0.000
12.72,0.00403,-0.00813,0.00783,0.2535,-0.0257,10.0570,-0.000,-0.000,-0.000
12.73,0.00822,-0.00381,-0.00065,0.3512,0.4737,9.4905,-0.000,-0.000,-0.000
12.74,0.00036,-0.00626,-0.00047,-0.2901,0.2687,9.8533,-0.000,-0.000,-0.000
12.75,0.00011,-0.00744,0.00095,0.4846,0.6435,9.9386,-0.000,-0.000,-0.000
12.76,-0.00072,-0.00491,0.00263,0.1072,0.0601,10.2385,-0.000,-0.000,-0.000
12.77,0.00305,-0.00102,-0.00090,-0.0079,-0.3285,9.5837,-0.000,-0.000,-0.000
12.78,0.00448,-0.00667,0.00117,-0.3246,-0.1026,9.9121,-0.000,-0.000,-0.000
12.79,0.00730,-0.00664,0.00432,0.4602,0.0854,9.7105,-0.000,-0.000,-0.000
12.80,0.00815,-0.00921,0.00197,-0.2282,0.1333,10.1108,-0.000,-0.000,-0.000
12.81,0.00262,-0.00912,0.00437,-0.0146,0.6300,9.7633,-0.000,-0.000,-0.000
12.82,-0.00113,-0.00397,0.00228,-0.2810,0.2888,9.7045,-0.000,-0.000,-0.000
12.83,0.00235,-0.00677,0.00124,-0.2921,-0.0204,9.6091,-0.000,-0.000,-0.000
12.84,0.00142,-0.00512,0.00037,-0.3815,-0.0925,9.9452,-0.000,-0.000,-0.000
12.85,0.00270,-0.01323,0.00262,-0.1801,-0.1488,9.9937,-0.000,-0.000,-0.000
12.86,0.00973,-0.00605,0.00497,0.1718,-0.3205,9.5892,-0.000,-0.000,-0.000
12.87,0.00997,-0.00805,0.00749,0.0898,0.1067,9.7495,-0.000,-0.000,-0.000
12.88,0.00293,-0.01055,0.00129,0.1006,0.0164,9.6267,-0.000,-0.000,-0.000
12.89,0.00122,-0.00516,0.00109,0.0406,-0.1948,10.0065,-0.000,-0.000,-0.000
12.90,0.00299,-0.00874,0.00301,0.2313,-0.2797,9.7909,-0.000,-0.000,-0.000
12.91,0.00534,-0.01034,-0.00262,-0.1849,0.1621,9.8559,-0.000,-0.000,-0.000
12.92,0.00338,-0.00894,-0.00037,0.3164,-0.0993,9.7210,-0.000,-0.000,-0.000
12.93,0.00294,-0.00598,0.00213,-0.2711,-0.5063,9.3262,-0.000,-0.000,-0.000
12.94,0.00045,-0.00403,0.00474,0.1389,0.1112,9.8667,-0.000,-0.000,-0.000
12.95,0.00324,-0.00448,0.00580,-0.0884,-0.4669,9.4752,-0.000,-0.000,-0.000
12.96,0.00609,-0.00575,0.00263,-0.2776,0.1170,10.1318,-0.000,-0.000,-0.000
12.97,0.00295,-0.00545,-0.00115,0.3910,-0.0075,10.2252,-0.000,-0.000,-0.000
12.98,0.00322,-0.00616,0.00242,-0.4958,0.0886,9.6487,-0.000,-0.000,-0.000
12.99,0.00458,-0.00890,0.00132,0.1693,0.1739,9.2419,-0.000,-0.000,-0.000
13.00,0.00628,-0.00971,0.00164,0.3775,-0.0728,9.8216,-0.000,-0.000,-0.000
13.01,0.00405,-0.00897,-0.00057,0.2406,0.2662,9.6974,-0.000,-0.000,0.000
13.02,0.00878,-0.00334,0.00192,-0.2390,0.4207,9.9808,-0.000,-0.000,0.001
13.03,0.00829,-0.00776,0.00332,-0.0201,-0.3613,9.5888,-0.000,-0.000,0.003
13.04,0.00281,-0.00103,0.00906,0.2194,-0.4861,9.8275,-0.000,-0.000,0.007
13.05,0.00335,-0.01129,0.01854,0.1105,0.0462,9.7294,-0.000,-0.000,0.016
13.06,0.00376,0.00092,0.02721,-0.1859,-0.0620,9.8388,-0.000,-0.000,0.030
13.07,0.00550,-0.00272,0.03585,0.0529,0.1034,10.1495,-0.000,-0.000,0.051
13.08,0.00257,-0.00601,0.05811,0.1108,-0.1087,10.0783,-0.000,-0.000,0.080
13.09,0.00888,-0.00603,0.06931,-0.2843,0.0011,9.7429,-0.000,-0.000,0.118
13.10,-0.00142,-0.00639,0.09100,0.3033,0.0920,9.9340,-0.000,-0.000,0.166
13.11,0.00733,-0.00337,0.10285,0.3107,0.1656,10.0058,-0.000,-0.000,0.226
13.12,0.00143,-0.00721,0.12823,0.2115,-0.0690,10.1053,-0.000,-0.000,0.297
13.13,0.00669,-0.00736,0.15522,-0.0408,0.1637,9.3020,-0.000,-0.000,0.381
13.14,0.00047,-0.00718,0.17092,0.0293,-0.2075,9.6033,-0.000,-0.000,0.477
13.15,0.00327,-0.00746,0.19151,-0.2589,0.2874,10.2305,-0.000,-0.000,0.587
13.16,0.00385,-0.00700,0.22176,0.4939,-0.0141,9.5745,-0.000,-0.000,0.710
13.17,0.00528,-0.00881,0.24384,-0.2983,0.1229,9.7905,-0.000,-0.000,0.846
13.18,0.00872,-0.00336,0.26318,-0.1886,-0.1979,9.7983,-0.000,-0.000,0.996
13.19,0.01065,-0.00909,0.28419,-0.0634,-0.6360,9.4656,-0.000,-0.000,1.159
13.20,0.00808,-0.00652,0.30844,0.3741,0.0378,9.5813,-0.000,-0.000,1.335
13.21,0.00260,-0.00609,0.33791,0.3337,-0.5742,9.6357,-0.000,-0.000,1.523
13.22,0.00488,-0.01093,0.36118,-0.0007,0.1762,9.5589,-0.000,-0.000,1.725
13.23,0.00351,-0.00599,0.37638,-0.3187,0.1090,10.0249,-0.000,-0.000,1.939
13.24,0.00571,-0.00743,0.39640,-0.0442,0.4038,9.6517,-0.000,-0.000,2.164
13.25,0.00312,-0.00395,0.41659,0.3263,-0.0323,10.0391,-0.000,-0.000,2.401
13.26,0.00224,-0.00117,0.43424,0.1445,-0.1618,9.5358,-0.000,-0.000,2.650
13.27,0.00662,-0.00480,0.45920,-0.0984,0.2798,9.7875,-0.000,-0.000,2.909
13.28,0.00452,-0.00447,0.47337,0.2568,0.2443,9.8362,-0.000,-0.000,3.178
13.29,0.00259,-0.00954,0.48663,-0.1464,0.1507,9.4435,-0.000,-0.000,3.457
13.30,0.00651,-0.00586,0.51661,0.0944,0.4842,9.7416,-0.000,-0.000,3.746
13.31,0.00639,-0.00654,0.52315,-0.1494,0.0749,10.3128,-0.000,-0.000,4.044
13.32,0.01135,-0.00321,0.53711,-0.1279,-0.1132,9.9227,-0.000,-0.000,4.350
13.33,0.00665,-0.00801,0.55311,-0.2294,0.1349,9.6845,-0.000,-0.000,4.665
13.34,0.00791,-0.00530,0.56847,-0.2264,0.0740,9.5063,-0.000,-0.000,4.987
13.35,0.00657,-0.00029,0.57631,-0.0405,0.4486,9.8408,-0.000,-0.000,5.317
13.36,0.00629,-0.00001,0.59330,0.1142,0.1281,10.1174,-0.000,-0.000,5.654
13.37,0.00241,-0.01108,0.60648,-0.1899,0.2601,10.0960,-0.000,-0.000,5.998
13.38,0.00361,-0.01012,0.61446,-0.0115,0.0725,9.6312,-0.000,-0.000,6.347
13.39,-0.00329,-0.00709,0.62675,-0.2116,0.0169,9.9330,-0.000,-0.000,6.703
13.40,-0.00067,-0.01163,0.63160,-0.1787,0.2087,10.3468,-0.000,-0.000,7.065
13.41,0.00152,-0.00864,0.63927,-0.0071,0.5320,9.4708,-0.000,-0.000,7.432
13.42,-0.00197,-0.00617,0.65296,0.7718,0.2264,9.9281,-0.000,-0.000,7.804
13.43,-0.00375,-0.00534,0.65989,-0.1493,0.2091,9.8392,-0.000,-0.000,8.180
13.44,0.00247,-0.00879,0.67048,0.1957,-0.2216,9.5048,-0.000,-0.000,8.561
13.45,0.00352,-0.00716,0.67773,-0.4306,-0.2538,9.3095,-0.000,-0.000,8.947
13.46,0.00139,-0.00687,0.68466,0.2359,0.2900,9.8171,-0.000,-0.000,9.336
13.47,0.00347,-0.00646,0.69360,0.2870,-0.2281,9.9646,-0.000,-0.000,9.729
13.48,0.00745,-0.00781,0.69157,0.4234,-0.1254,9.7650,-0.000,-0.000,10.126
13.49,0.00472,-0.00517,0.70450,-0.2287,0.1890,10.0127,-0.000,-0.000,10.526
13.50,0.00610,-0.01228,0.70561,0.2186,0.1265,10.1876,-0.000,-0.000,10.929
13.51,0.00176,-0.00421,0.70963,0.0884,0.0250,10.1459,-0.000,-0.000,11.335
13.52,0.00388,-0.00493,0.72016,0.1484,-0.1729,9.4845,-0.000,-0.000,11.744
13.53,0.00375,-0.00880,0.72090,-0.4718,-0.1175,10.0198,-0.000,-0.000,12.155
13.54,-0.00129,-0.00356,0.72543,0.0275,0.1642,9.4811,-0.000,-0.000,12.569
13.55,0.00406,-0.01214,0.72723,-0.3505,0.0112,9.5773,-0.000,-0.000,12.985
13.56,0.00521,-0.00425,0.73297,0.1079,0.1273,10.2977,-0.000,-0.000,13.404
13.57,0.00678,-0.00479,0.74173,0.4682,-0.0290,9.8024,-0.000,-0.000,13.824
13.58,0.00406,-0.00512,0.74385,-0.3108,0.4259,9.6985,-0.000,-0.000,14.246
13.59,-0.00412,0.00035,0.74026,0.2288,0.1524,10.0925,-0.000,-0.000,14.670
13.60,0.00140,-0.00429,0.74240,-0.1155,0.0802,9.4682,-0.000,-0.000,15.095
13.61,0.00328,-0.00736,0.75075,-0.3101,0.1847,9.7298,-0.000,-0.000,15.523
13.62,0.00883,-0.00087,0.75082,0.0666,0.0760,9.9064,-0.000,-0.000,15.951
13.63,0.00194,-0.00737,0.74801,-0.3027,-0.2367,9.6486,-0.000,-0.000,16.381
13.64,0.00084,-0.00535,0.75509,-0.1257,0.3883,10.0033,-0.000,-0.000,16.812
13.65,-0.00093,-0.00634,0.75264,0.5043,-0.2421,9.9547,-0.000,-0.000,17.245
13.66,0.00512,-0.00829,0.76033,-0.0640,-0.0817,9.6018,-0.000,-0.000,17.678
13.67,0.00278,-0.00898,0.76479,-0.1586,-0.0105,9.5474,-0.000,-0.000,18.113
13.68,0.00833,-0.00527,0.76649,-0.0687,-0.2704,10.0276,-0.000,-0.000,18.549
13.69,0.00800,-0.00875,0.76715,-0.1799,0.0771,9.8518,-0.000,-0.000,18.985
13.70,0.00637,-0.00790,0.76794,0.1499,0.1290,9.6590,-0.000,-0.000,19.422
13.71,0.00043,-0.00537,0.77049,-0.0099,-0.2601,9.8038,-0.000,-0.000,19.861
13.72,0.00278,-0.00305,0.77104,-0.2104,0.1048,9.6649,-0.000,-0.000,20.300
13.73,0.00715,-0.00049,0.76913,0.0378,-0.0860,9.8809,-0.000,-0.000,20.739
13.74,0.00353,-0.01130,0.77026,0.0845,0.0335,9.8842,-0.000,-0.000,21.180
13.75,0.00360,-0.00733,0.77290,0.0130,0.1500,9.0741,-0.000,-0.000,21.620
13.76,0.01012,-0.00726,0.77302,-0.1902,0.3068,9.9302,-0.000,-0.000,22.062
13.77,0.00100,-0.00960,0.77757,-0.5669,-0.4290,9.9640,-0.000,-0.000,22.504
13.78,0.00441,-0.00441,0.77579,0.2481,0.0168,10.2037,-0.000,-0.000,22.947
13.79,0.00728,-0.00709,0.77444,-0.4406,0.1323,9.6834,-0.000,-0.000,23.390
13.80,0.00496,-0.00863,0.77182,-0.5594,-0.2886,9.8264,-0.000,-0.000,23.833
13.81,0.00731,-0.00462,0.77565,-0.0613,0.2432,9.7967,-0.000,-0.000,24.277
13.82,0.01135,-0.00533,0.77611,0.0977,-0.0248,9.8663,-0.000,-0.000,24.721
13.83,0.00530,-0.00803,0.77705,0.0614,0.1482,9.9940,-0.000,-0.000,25.166
13.84,0.00547,-0.00982,0.78122,0.2640,-0.2002,9.6928,-0.000,-0.000,25.611
13.85,0.00334,-0.00710,0.77800,-0.2377,-0.0323,9.7361,-0.000,-0.000,26.057
13.86,0.00169,-0.00727,0.77762,-0.3177,-0.0601,9.8801,-0.000,-0.000,26.502
13.87,0.00656,-0.00290,0.77910,0.6349,-0.2427,10.2546,-0.000,-0.000,26.948
13.88,0.00415,-0.00562,0.77973,0.4727,0.3694,9.8901,-0.000,-0.000,27.394
13.89,0.00271,-0.00794,0.78166,-0.3082,0.0664,9.7052,-0.000,-0.000,27.841
13.90,0.00825,-0.00123,0.78238,-0.1140,-0.3918,10.2554,-0.000,-0.000,28.287
13.91,0.00687,-0.00252,0.78007,0.1590,0.0290,9.5537,-0.000,-0.000,28.734
13.92,-0.00032,-0.00760,0.78144,-0.1592,0.1353,10.1642,-0.000,-0.000,29.181
13.93,0.00464,-0.00901,0.78059,-0.0266,-0.2862,9.8128,-0.000,-0.000,29.629
13.94,0.00409,-0.00639,0.78421,-0.2785,0.1845,9.7750,-0.000,-0.000,30.076
13.95,0.00231,-0.00325,0.77637,0.1279,-0.4308,10.0195,-0.000,-0.000,30.524
13.96,0.00310,-0.00843,0.78155,-0.1579,0.2504,10.0351,-0.000,-0.000,30.971
13.97,0.00386,-0.00831,0.78671,0.7968,0.3531,9.7563,-0.000,-0.000,31.419
13.98,0.00544,-0.00575,0.78653,-0.1595,-0.6883,9.9568,-0.000,-0.000,31.867
13.99,0.00211,-0.00322,0.78601,0.2218,0.1370,10.1722,-0.000,-0.000,32.316
14.00,0.00292,-0.00385,0.78511,-0.2059,-0.0568,9.7594,-0.000,-0.000,32.764
14.01,0.00454,-0.00881,0.78759,-0.1978,0.0356,9.9361,-0.000,-0.000,33.212
14.02,-0.00157,-0.00492,0.78502,0.1408,-0.0117,10.1008,-0.000,-0.000,33.661
14.03,0.00356,-0.00545,0.79059,0.0101,0.3127,9.3446,-0.000,-0.000,34.109
14.04,0.00632,-0.00390,0.78784,0.5600,0.0168,9.4641,-0.000,-0.000,34.558
14.05,0.00414,0.00146,0.78268,0.0588,-0.1155,9.6943,-0.000,-0.000,35.007
14.06,-0.00028,-0.00706,0.79145,0.0740,0.3290,9.0191,-0.000,-0.000,35.456
14.07,0.00160,-0.00694,0.78768,-0.2201,0.1063,9.8883,-0.000,-0.000,35.905
14.08,0.00804,-0.01037,0.78277,0.0688,-0.1777,9.5426,-0.000,-0.000,36.354
14.09,-0.00085,-0.00783,0.78953,-0.0754,-0.5165,9.9429,-0.000,-0.000,36.803
14.10,0.00611,-0.00734,0.78520,0.5972,0.1910,10.0702,-0.000,-0.000,37.252
14.11,-0.00202,-0.00567,0.78817,0.0036,-0.2097,9.7390,-0.000,-0.000,37.701
14.12,0.00624,-0.00713,0.78781,0.3342,-0.1131,10.1658,-0.000,-0.000,38.150
14.13,0.00335,-0.00770,0.78856,-0.0561,0.4873,9.7632,-0.000,-0.000,38.599
14.14,0.00753,-0.00629,0.78930,0.0427,-0.0501,10.2584,-0.000,-0.000,39.049
14.15,0.00363,-0.00642,0.79080,0.0007,-0.1945,9.5698,-0.000,-0.000,39.498
14.16,0.00454,-0.00692,0.79059,0.2431,0.1291,9.9665,-0.000,-0.000,39.948
14.17,0.00848,-0.00646,0.79316,0.0125,-0.0719,9.5491,-0.000,-0.000,40.397
14.18,0.00770,-0.00698,0.78568,0.0053,0.0260,9.9140,-0.000,-0.000,40.847
14.19,0.00567,-0.00309,0.79008,0.2416,-0.1436,9.9870,-0.000,-0.000,41.296
14.20,0.00252,-0.00105,0.78732,0.2091,-0.0509,9.5162,-0.000,-0.000,41.746
14.21,0.00382,-0.00385,0.78767,0.6110,-0.1379,10.0957,-0.000,-0.000,42.195
14.22,-0.00194,-0.00578,0.78585,0.0918,0.4108,9.6369,-0.000,-0.000,42.645
14.23,0.00146,-0.00460,0.78902,-0.1125,-0.1148,10.0256,-0.000,-0.000,43.094
14.24,0.00347,-0.00647,0.79017,0.0964,0.0893,9.6323,-0.000,-0.000,43.544
14.25,0.00612,-0.00764,0.78816,-0.1394,-0.0234,9.9720,-0.000,-0.000,43.994
14.26,0.00790,-0.00522,0.78900,0.5446,-0.0557,9.3809,-0.000,-0.000,44.443
14.27,0.00362,-0.00768,0.78989,0.1991,0.2686,9.7520,-0.000,-0.000,44.893
14.28,0.00537,0.00059,0.79382,0.0197,0.0702,9.4304,-0.000,-0.000,45.343
14.29,0.00498,-0.00984,0.78574,0.0591,0.2428,9.9404,-0.000,-0.000,45.793
14.30,0.00284,-0.00120,0.78963,0.0941,-0.0562,9.8008,-0.000,-0.000,46.242
14.31,-0.00138,-0.00499,0.79021,0.3485,-0.0129,9.9903,-0.000,-0.000,46.692
14.32,0.00292,-0.00507,0.78767,0.5314,0.2543,10.1296,-0.000,-0.000,47.142
14.33,0.00386,-0.00342,0.78815,0.4129,-0.0471,9.5528,-0.000,-0.000,47.592
14.34,0.00316,-0.00136,0.78630,0.1616,0.4429,10.0865,-0.000,-0.000,48.042
14.35,0.00727,-0.00197,0.78923,-0.0798,0.3643,9.8078,-0.000,-0.000,48.491
14.36,0.00680,-0.00749,0.78463,0.0189,-0.3353,9.9474,-0.000,-0.000,48.941
14.37,0.00461,-0.00367,0.79010,-0.1900,-0.0680,10.3205,-0.000,-0.000,49.391
14.38,0.00767,-0.00751,0.78833,0.0746,0.0984,9.8864,-0.000,-0.000,49.841
14.39,-0.00212,-0.00331,0.79024,0.0075,-0.1585,9.9080,-0.000,-0.000,50.291
14.40,0.00591,-0.00835,0.78666,-0.1685,0.2453,10.0782,-0.000,-0.000,50.741
14.41,-0.00022,-0.00473,0.79237,0.0860,0.3685,9.8160,-0.000,-0.000,51.191
14.42,0.00340,-0.00747,0.78313,-0.1351,0.5341,9.9564,-0.000,-0.000,51.641
14.43,0.00293,-0.00410,0.78711,-0.1030,0.0514,9.6916,-0.000,-0.000,52.091
14.44,0.00359,-0.00729,0.79165,-0.0841,-0.3315,9.5398,-0.000,-0.000,52.540
14.45,0.00717,-0.00930,0.78464,0.1066,-0.3104,9.7376,-0.000,-0.000,52.990
14.46,0.00902,-0.00563,0.79403,-0.3881,0.2790,9.5277,-0.000,-0.000,53.440
14.47,0.00919,-0.00462,0.78612,-0.1913,0.0047,9.8414,-0.000,-0.000,53.890
14.48,0.00468,-0.00689,0.78488,-0.4395,0.2262,9.5355,-0.000,-0.000,54.340
14.49,0.00481,-0.01222,0.78451,-0.1180,0.4260,9.9764,-0.000,-0.000,54.790
14.50,0.00806,-0.00582,0.78602,0.2678,0.2286,9.6900,-0.000,-0.000,55.240
14.51,-0.00014,-0.01034,0.78684,-0.1862,0.0552,10.0830,-0.000,-0.000,55.690
14.52,-0.00167,-0.00627,0.78988,-0.1531,-0.1729,9.9490,-0.000,-0.000,56.140
14.53,-0.00010,-0.00827,0.78940,0.2528,0.3543,9.7280,-0.000,-0.000,56.590
14.54,0.00199,-0.00687,0.78481,0.1040,0.1528,9.5202,-0.000,-0.000,57.040
14.55,0.00952,-0.00347,0.79006,-0.2119,0.0337,10.0007,-0.000,-0.000,57.490
14.56,0.00283,-0.00606,0.78726,0.0243,-0.2234,9.3142,-0.000,-0.000,57.940
14.57,0.00093,-0.00507,0.78834,0.3798,-0.1213,9.9023,-0.000,-0.000,58.390
14.58,0.00392,-0.00700,0.78811,-0.2245,0.2789,9.2911,-0.000,-0.000,58.840
14.59,0.00636,-0.00935,0.78819,-0.2078,0.0023,9.8792,-0.000,-0.000,59.290
14.60,0.00410,-0.00418,0.78838,0.0012,-0.0823,9.4472,-0.000,-0.000,59.740
14.61,0.01326,-0.00672,0.78790,-0.2803,-0.3016,9.9258,-0.000,-0.000,60.190
14.62,0.00484,-0.01007,0.78520,-0.0296,0.4266,10.2147,-0.000,-0.000,60.640
14.63,0.00869,-0.00902,0.79154,0.5289,-0.2944,10.2198,-0.000,-0.000,61.089
14.64,0.01295,-0.00651,0.79256,-0.0721,-0.0048,10.1435,-0.000,-0.000,61.539
14.65,0.00296,-0.00489,0.78980,0.0024,-0.2517,10.1957,-0.000,-0.000,61.989
14.66,0.00370,-0.00838,0.79004,-0.0995,-0.1831,9.8370,-0.000,-0.000,62.439
14.67,0.00479,-0.00595,0.78464,-0.1850,-0.3787,9.9407,-0.000,-0.000,62.889
14.68,0.00799,-0.00860,0.79096,0.0382,-0.3751,9.5936,-0.000,-0.000,63.339
14.69,0.00919,-0.00395,0.78351,-0.1814,-0.2833,9.6983,-0.000,-0.000,63.789
14.70,0.00501,-0.00310,0.79055,0.0740,-0.1435,9.5420,-0.000,-0.000,64.239
14.71,-0.00123,-0.00451,0.78941,-0.5205,-0.3446,9.9015,-0.000,-0.000,64.689
14.72,0.00641,-0.00708,0.78489,-0.2943,0.0955,9.9474,-0.000,-0.000,65.139
14.73,0.00433,-0.01267,0.78404,-0.6330,0.2377,9.6666,-0.000,-0.000,65.589
14.74,0.00307,-0.00642,0.78675,0.0880,-0.0425,9.6621,-0.000,-0.000,66.039
14.75,0.00704,-0.00509,0.78844,0.1171,0.1524,9.4186,-0.000,-0.000,66.489
14.76,0.00278,-0.00350,0.79168,-0.5175,0.2245,9.7704,-0.000,-0.000,66.939
14.77,0.00624,-0.00477,0.78959,0.0709,-0.4324,9.4538,-0.000,-0.000,67.389
14.78,0.00565,-0.00543,0.78914,-0.3108,-0.1931,9.8034,-0.000,-0.000,67.839
14.79,-0.00274,-0.00433,0.78987,-0.0035,-0.3175,9.9390,-0.000,-0.000,68.289
14.80,0.00445,-0.00828,0.78785,0.2418,-0.3118,9.6614,-0.000,-0.000,68.739
14.81,0.00439,-0.00541,0.78760,0.1702,0.1674,9.8566,-0.000,-0.000,69.189
14.82,0.00629,-0.00452,0.79157,0.5857,0.1484,9.9195,-0.000,-0.000,69.639
14.83,0.00291,-0.00870,0.78272,0.1481,-0.1796,9.7805,-0.000,-0.000,70.089
14.84,-0.00055,-0.01044,0.78660,-0.1837,0.0262,9.8531,-0.000,-0.000,70.539
14.85,0.00700,-0.00874,0.78852,0.2885,0.3443,9.9180,-0.000,-0.000,70.989
14.86,0.00580,0.00139,0.79071,0.2407,0.0617,9.9209,-0.000,-0.000,71.439
14.87,0.00266,-0.00572,0.78938,-0.4615,0.2523,9.6988,-0.000,-0.000,71.889
14.88,0.00328,-0.00351,0.78631,-0.2617,0.0986,9.6523,-0.000,-0.000,72.339
14.89,0.00120,-0.01039,0.78221,-0.0018,0.0092,9.6401,-0.000,-0.000,72.789
14.90,0.00235,-0.00995,0.78905,0.2482,0.1085,9.6142,-0.000,-0.000,73.239
14.91,0.00163,-0.00698,0.79247,0.0400,-0.4053,9.8775,-0.000,-0.000,73.689
14.92,0.00782,-0.00387,0.78744,0.1828,0.2027,9.4502,-0.000,-0.000,74.139
14.93,0.00686,-0.00490,0.79057,-0.0771,-0.0717,9.7395,-0.000,-0.000,74.589
14.94,-0.00432,-0.00792,0.79118,0.2535,0.0220,9.3409,-0.000,-0.000,75.039
14.95,0.00873,-0.00561,0.78625,-0.3480,-0.1135,9.7876,-0.000,-0.000,75.489
14.96,0.00029,-0.00639,0.78542,-0.1510,0.1568,10.0231,-0.000,-0.000,75.939
14.97,0.00311,-0.00814,0.78759,0.2932,0.0155,9.6264,-0.000,-0.000,76.389
14.98,0.00528,-0.00575,0.78438,0.1057,-0.0370,9.8850,-0.000,-0.000,76.839
14.99,0.00147,-0.00620,0.78723,0.0881,-0.0822,9.8076,-0.000,-0.000,77.289
15.00,0.00359,-0.00797,0.78937,-0.1830,-0.3382,9.6685,-0.000,-0.000,77.739
15.01,0.00779,-0.00352,0.79264,-0.0279,0.7346,9.6275,-0.000,-0.000,78.189
15.02,0.00570,-0.00855,0.78710,0.4361,0.0812,9.6464,-0.000,-0.000,78.639
15.03,0.00905,-0.01280,0.77889,0.0496,-0.3571,9.8263,-0.000,-0.000,79.087
15.04,0.00639,-0.01170,0.77894,0.2325,-0.2115,9.3805,-0.000,-0.000,79.532
15.05,0.00186,-0.00960,0.77015,0.2415,-0.0240,9.9270,-0.000,-0.000,79.973
15.06,0.00475,-0.00350,0.76107,-0.1510,0.1184,9.8744,-0.000,-0.000,80.409
15.07,0.00311,-0.00655,0.74807,-0.5617,-0.1342,9.8630,-0.000,-0.000,80.838
15.08,0.00278,-0.00273,0.73590,-0.0395,0.2047,9.7130,-0.000,-0.000,81.260
15.09,-0.00068,-0.00674,0.72160,-0.2547,-0.3260,10.1778,-0.000,-0.000,81.671
15.10,0.00487,-0.00347,0.70203,-0.1437,0.5252,10.1305,-0.000,-0.000,82.073
15.11,0.00073,-0.01237,0.68438,0.1933,-0.0067,10.0772,-0.000,-0.000,82.464
15.12,0.00501,-0.00784,0.66329,-0.0991,-0.0687,10.1004,-0.000,-0.000,82.842
15.13,0.00812,-0.00167,0.64041,0.1568,-0.0179,9.7597,-0.000,-0.000,83.209
15.14,0.00846,-0.00977,0.61650,0.2255,-0.2767,9.9849,-0.000,-0.000,83.562
15.15,0.00245,-0.00433,0.60127,-0.2155,-0.2009,9.9485,-0.000,-0.000,83.902
15.16,0.00162,-0.00649,0.57162,0.1749,-0.2135,9.5596,-0.000,-0.000,84.229
15.17,0.00552,-0.00891,0.54668,0.1455,0.5534,10.0248,-0.000,-0.000,84.543
15.18,0.00136,-0.00778,0.52026,0.0589,-0.0216,9.8241,-0.000,-0.000,84.844
15.19,0.00366,-0.00935,0.50173,0.0059,0.1504,9.9218,-0.000,-0.000,85.131
15.20,0.00752,-0.00655,0.48127,-0.1458,-0.0475,10.2226,-0.000,-0.000,85.405
15.21,0.00065,-0.00970,0.45947,-0.1375,-0.0369,9.6022,-0.000,-0.000,85.666
15.22,0.00048,-0.00393,0.43696,-0.1121,-0.3442,9.9798,-0.000,-0.000,85.914
15.23,0.00819,-0.00586,0.40871,0.0318,-0.2265,9.5616,-0.000,-0.000,86.150
15.24,0.00483,-0.01057,0.38721,-0.2452,-0.1738,9.7877,-0.000,-0.000,86.375
15.25,-0.00234,-0.00769,0.37902,0.2717,0.2862,9.8720,-0.000,-0.000,86.588
15.26,0.00526,-0.00850,0.35220,-0.2938,-0.1399,9.5979,-0.000,-0.000,86.789
15.27,0.00289,-0.00594,0.34092,-0.1478,-0.4563,9.9329,-0.000,-0.000,86.980
15.28,0.00197,-0.00750,0.31384,0.1968,0.0609,10.0585,-0.000,-0.000,87.161
15.29,0.00040,-0.00377,0.29985,-0.1497,-0.0622,10.4821,-0.000,-0.000,87.332
15.30,0.00014,-0.00262,0.28489,0.6588,-0.0299,9.7251,-0.000,-0.000,87.493
15.31,0.00906,-0.00672,0.26871,0.0784,-0.3053,9.9160,-0.000,-0.000,87.645
15.32,-0.00016,-0.00784,0.25447,0.3008,0.2909,9.8236,-0.000,-0.000,87.789
15.33,0.00956,-0.01129,0.23425,0.0601,0.2007,9.4992,-0.000,-0.000,87.924
15.34,0.00657,-0.00594,0.23031,0.1437,-0.0177,9.8573,-0.000,-0.000,88.052
15.35,0.00538,-0.00859,0.21179,0.1654,-0.2614,9.3568,-0.000,-0.000,88.172
15.36,0.01014,-0.00245,0.20182,0.1424,-0.1094,9.7229,-0.000,-0.000,88.285
15.37,-0.00068,-0.00675,0.18954,0.1555,0.4543,9.6854,-0.000,-0.000,88.392
15.38,0.00370,-0.00262,0.17529,-0.3176,-0.2236,9.6723,-0.000,-0.000,88.492
15.39,0.00174,-0.00798,0.16189,0.4560,0.1415,9.6865,-0.000,-0.000,88.586
15.40,0.00539,-0.00697,0.16186,0.0462,-0.5307,10.0870,-0.000,-0.000,88.674
15.41,0.00195,-0.00763,0.14987,-0.0067,-0.1052,9.8469,-0.000,-0.000,88.757
15.42,0.00089,-0.00616,0.13746,0.0441,-0.0178,10.0187,-0.000,-0.000,88.835
15.43,0.00322,-0.00776,0.12960,-0.1557,0.1587,9.9859,-0.000,-0.000,88.909
15.44,-0.00293,-0.00647,0.12443,-0.0486,0.1801,9.2721,-0.000,-0.000,88.978
15.45,0.00552,-0.00753,0.11464,0.3392,-0.2951,10.1961,-0.000,-0.000,89.042
15.46,0.00874,-0.00733,0.10422,-0.0052,0.3889,9.8839,-0.000,-0.000,89.103
15.47,0.00352,-0.00571,0.10458,0.4876,-0.0423,10.1141,-0.000,-0.000,89.160
15.48,0.00350,-0.00722,0.09610,-0.0890,-0.3839,9.7064,-0.000,-0.000,89.213
15.49,0.00157,-0.00983,0.08757,-0.1169,-0.0601,9.3216,-0.000,-0.000,89.263
15.50,0.00429,-0.00550,0.08576,-0.4148,0.4344,10.0369,-0.000,-0.000,89.310
15.51,-0.00081,-0.00216,0.07488,-0.2186,0.1333,9.9317,-0.000,-0.000,89.354
15.52,0.00292,-0.01063,0.08157,-0.1295,0.0019,10.1932,-0.000,-0.000,89.395
15.53,0.00219,-0.00283,0.06947,0.2424,-0.0381,9.4906,-0.000,-0.000,89.434
15.54,0.00678,-0.00313,0.06781,0.0358,-0.2092,9.7274,-0.000,-0.000,89.470
15.55,0.00912,-0.00253,0.05733,0.1874,0.1385,9.5479,-0.000,-0.000,89.504
15.56,0.00239,-0.00597,0.05595,0.1331,-0.0264,9.5465,-0.000,-0.000,89.536
15.57,0.00711,-0.00320,0.05292,-0.0382,0.1119,9.2883,-0.000,-0.000,89.565
15.58,0.00164,-0.01129,0.05492,-0.3739,-0.2306,9.6907,-0.000,-0.000,89.593
15.59,0.00770,-0.00893,0.04994,-0.1625,-0.5323,10.1456,-0.000,-0.000,89.619
15.60,0.00538,-0.00552,0.04216,0.3259,0.0185,10.0607,-0.000,-0.000,89.644
15.61,0.00264,-0.00721,0.05006,-0.3354,-0.2313,10.1357,-0.000,-0.000,89.667
15.62,0.00274,-0.00631,0.03959,-0.5953,0.0380,9.4374,-0.000,-0.000,89.688
15.63,0.00170,-0.00283,0.03542,0.1801,-0.1175,9.4834,-0.000,-0.000,89.708
15.64,0.00561,-0.01102,0.03932,-0.2874,0.0514,9.8533,-0.000,-0.000,89.727
15.65,0.00022,-0.00806,0.02846,0.0611,-0.2052,9.9132,-0.000,-0.000,89.744
15.66,0.01048,-0.00139,0.03298,0.1304,-0.1297,9.8531,-0.000,-0.000,89.761
15.67,0.00302,-0.00264,0.02769,-0.2066,0.1458,9.9422,-0.000,-0.000,89.776
15.68,0.00872,-0.00777,0.02556,0.0779,0.0769,9.5781,-0.000,-0.000,89.791
15.69,0.00042,-0.00503,0.03314,0.1606,0.5905,9.8466,-0.000,-0.000,89.804
15.70,0.00570,-0.00417,0.02593,-0.0013,0.1512,9.7239,-0.000,-0.000,89.817
15.71,-0.00219,-0.00227,0.01767,-0.0260,-0.1039,9.7228,0.000,-0.000,89.829
15.72,0.00740,-0.00740,0.02489,-0.2927,-0.1582,9.7372,0.000,-0.000,89.840
15.73,0.00688,-0.00635,0.02228,0.2441,-0.1456,9.9370,0.000,-0.000,89.850
15.74,0.00304,-0.00932,0.01697,0.4058,0.1910,10.5868,0.000,-0.000,89.860
15.75,0.00647,-0.01005,0.01898,-0.0161,0.1674,10.0702,0.000,-0.000,89.869
15.76,0.00142,-0.00590,0.01723,0.0863,0.0133,9.6424,0.000,-0.000,89.877
15.77,0.00696,-0.00823,0.01974,0.0481,-0.4285,9.8513,0.000,-0.000,89.885
15.78,0.00083,-0.00261,0.01724,0.2111,0.5621,10.1374,0.000,-0.000,89.892
15.79,0.00686,-0.00608,0.01714,0.3461,-0.0670,9.7975,0.000,-0.000,89.899
15.80,0.00785,-0.00519,0.01308,-0.0139,-0.1758,9.8442,0.000,-0.000,89.906
15.81,-0.00304,-0.00458,0.01826,0.1493,-0.5371,10.0909,0.000,-0.000,89.912
15.82,0.00391,-0.01282,0.00819,-0.6442,0.1915,9.9020,0.000,-0.000,89.918
15.83,0.00511,-0.00458,0.00609,0.0946,-0.2239,10.4977,0.000,-0.000,89.923
15.84,0.00727,-0.00605,0.01017,0.0065,-0.0296,9.9857,0.000,-0.000,89.928
15.85,0.00273,-0.00546,0.01477,-0.7419,-0.0326,9.5445,0.000,-0.000,89.933
15.86,0.00331,-0.00321,0.00943,0.0367,-0.3723,9.8549,0.000,-0.000,89.937
15.87,0.00304,-0.00625,0.01079,0.2753,0.0127,9.7285,0.000,-0.000,89.941
15.88,0.00436,-0.00398,0.01129,0.0942,0.0602,9.5258,0.000,-0.000,89.945
15.89,0.00390,-0.00421,0.01232,0.0189,-0.6288,9.7650,0.000,-0.000,89.948
15.90,0.00763,-0.00554,0.00483,0.0561,0.3518,9.8175,0.000,-0.000,89.952
15.91,0.00338,-0.00694,0.00273,0.4796,0.3318,10.0537,0.000,-0.000,89.955
15.92,0.00374,-0.00869,0.01057,-0.1873,-0.0671,9.7922,0.000,-0.000,89.958
15.93,-0.00064,-0.00757,0.00751,-0.0912,0.2973,9.6176,0.000,-0.000,89.961
15.94,0.00982,-0.00583,0.00107,-0.2074,-0.1726,10.3070,0.000,-0.000,89.963
15.95,0.00107,-0.00781,0.00565,-0.2419,0.2074,9.9543,0.000,-0.000,89.965
15.96,0.00824,-0.00197,0.00817,0.3315,0.0901,10.2091,0.000,-0.000,89.968
15.97,0.00715,-0.00210,0.00774,-0.2560,0.0782,9.7711,0.000,-0.000,89.970
15.98,0.00416,-0.00839,0.00460,-0.0594,0.1126,9.6932,0.000,-0.000,89.972
15.99,0.00281,-0.00016,0.00801,0.1208,0.2646,10.0613,0.000,-0.000,89.974
16.00,-0.00037,-0.00516,0.00572,0.4544,-0.1747,9.4546,0.000,-0.000,89.975
16.01,0.00531,-0.00269,0.00765,-0.3216,0.1195,10.0789,0.000,-0.000,89.977
16.02,0.01039,-0.00606,0.00525,-0.1899,0.4343,9.8607,0.000,-0.000,89.978
16.03,0.00282,-0.00818,-0.00118,0.0491,0.2150,9.7182,0.000,-0.000,89.980
16.04,0.00725,-0.00651,0.00450,0.1346,-0.0870,9.9473,0.000,-0.000,89.981
16.05,0.00209,-0.01000,0.00606,0.3007,-0.0666,10.6638,0.000,-0.000,89.982
16.06,0.00256,-0.00590,0.00235,0.3065,-0.3082,9.6800,0.000,-0.000,89.983
16.07,0.00811,-0.00499,-0.00159,-0.1674,0.1255,10.1026,0.000,-0.000,89.985
16.08,0.00302,-0.00316,0.00500,-0.3020,-0.2109,9.5839,0.000,-0.000,89.986
16.09,0.00741,0.00044,0.00291,0.0557,0.0030,9.8090,0.000,-0.000,89.986
16.10,0.00478,-0.01088,0.00644,0.2431,-0.0777,9.7911,0.000,-0.000,89.987
16.11,-0.00153,-0.00615,0.00156,-0.5171,0.0197,10.3584,0.000,-0.000,89.988
16.12,0.00300,-0.00930,0.00198,0.0894,0.3386,10.0587,0.000,-0.000,89.989
16.13,0.00818,-0.00595,0.00066,0.0327,-0.5107,10.1992,-0.000,-0.000,89.990
16.14,0.00377,-0.00808,0.00448,0.1795,-0.2619,10.0078,-0.000,-0.000,89.990
16.15,0.00856,-0.00570,0.00379,-0.0445,0.0994,10.0540,-0.000,-0.000,89.991
16.16,0.00238,-0.00757,0.00670,-0.5038,0.1308,9.3571,-0.000,-0.000,89.992
16.17,0.00666,-0.00798,0.00183,-0.2082,0.0994,9.5975,-0.000,-0.000,89.992
16.18,0.00207,-0.00897,0.00258,0.6259,0.0414,10.1867,0.000,-0.000,89.993
16.19,-0.00148,-0.00399,0.00626,-0.2938,-0.0942,10.1617,0.000,-0.000,89.993
16.20,-0.00017,-0.00298,0.00495,0.1617,-0.1553,9.9873,0.000,-0.000,89.994
16.21,0.00598,-0.00742,0.00305,0.1887,0.0011,9.7921,0.000,-0.000,89.994
16.22,0.00056,-0.01603,0.00739,-0.5415,-0.3549,9.4931,0.000,-0.000,89.994
16.23,-0.00149,-0.00575,0.00526,0.1783,-0.7295,9.7018,0.000,-0.000,89.995
16.24,0.00230,-0.00595,0.00837,-0.4391,0.2359,9.6511,0.000,-0.000,89.995
16.25,-0.00241,-0.01019,0.00443,0.5125,0.1686,9.5228,0.000,-0.000,89.995
16.26,0.00794,-0.00193,0.00622,-0.2315,0.0819,9.5365,0.000,-0.000,89.996
16.27,0.00593,-0.01043,0.00238,-0.0311,-0.2025,9.5714,0.000,-0.000,89.996
16.28,-0.00047,-0.00571,0.00752,-0.2929,-0.1956,10.1764,0.000,-0.000,89.996
16.29,-0.00220,-0.00453,0.00147,-0.0677,0.2524,9.3468,0.000,-0.000,89.996
16.30,0.00301,0.00087,0.00900,-0.4281,-0.5285,9.7793,0.000,-0.000,89.997
16.31,0.00536,-0.00869,0.00693,-0.1412,0.0145,9.8292,0.000,-0.000,89.997
16.32,-0.00385,-0.00562,0.00553,-0.0726,-0.0290,9.6005,0.000,-0.000,89.997
16.33,0.00956,-0.00476,0.00476,-0.0696,0.2167,9.9234,0.000,-0.000,89.997
16.34,0.00567,-0.00135,0.00245,-0.1793,-0.1850,9.3953,0.000,-0.000,89.997
16.35,0.00556,-0.00467,0.00623,-0.2780,-0.0334,9.8699,0.000,-0.000,89.998
16.36,0.00611,-0.00811,0.00631,-0.0500,-0.2008,9.2234,0.000,-0.000,89.998
16.37,0.00338,-0.00406,0.00043,-0.4957,-0.4982,9.2723,0.000,-0.000,89.998
16.38,0.00551,-0.00820,0.00338,0.1454,-0.4648,9.7787,0.000,-0.000,89.998
16.39,0.00271,-0.00445,0.00015,0.1179,-0.1517,9.4231,0.000,-0.000,89.998
16.40,0.00756,-0.00614,0.00304,-0.0022,-0.0112,10.1244,0.000,-0.000,89.998
16.41,0.00419,-0.00907,0.00144,-0.1157,0.6883,9.9986,0.000,-0.000,89.998
16.42,0.00065,-0.00350,0.00614,0.1623,0.3003,9.3580,0.000,-0.000,89.999
16.43,0.00387,-0.00713,0.00084,0.0638,-0.2045,9.3969,0.000,-0.000,89.999
16.44,0.00691,-0.00626,0.00735,0.0244,0.1591,9.8176,0.000,-0.000,89.999
16.45,0.00176,-0.00777,0.00621,-0.0407,-0.0040,9.6935,0.000,-0.000,89.999
16.46,0.00574,-0.00687,0.00257,0.0695,-0.0905,9.5308,0.000,-0.000,89.999
16.47,0.00696,-0.00693,0.00425,0.2782,-0.2448,9.9296,0.000,-0.000,89.999
16.48,0.00377,-0.00440,-0.00353,0.0992,-0.2070,9.4878,0.000,-0.000,89.999
16.49,0.00376,-0.00675,-0.00105,0.0278,-0.2859,9.8147,0.000,-0.000,89.999
16.50,0.00164,-0.00443,0.00537,-0.4199,-0.0225,9.7978,0.000,-0.000,89.999
16.51,0.00498,-0.00896,0.00530,0.2248,0.0061,9.7190,0.000,-0.000,89.999
16.52,0.00376,-0.01096,0.01020,-0.0547,-0.1722,9.8375,0.000,-0.000,89.999
16.53,0.00513,-0.00345,-0.00065,0.3412,0.1217,9.8630,0.000,-0.000,89.999
16.54,0.00300,-0.00414,0.00119,-0.1580,0.0829,9.2018,0.000,-0.000,89.999
16.55,-0.00566,-0.00375,0.00573,0.0603,-0.2661,10.1096,0.000,-0.000,89.999
16.56,0.00091,-0.00454,-0.00039,0.2090,-0.0853,9.7093,0.000,-0.000,89.999
16.57,-0.00222,-0.00558,0.00075,-0.2903,-0.0506,9.3484,0.000,-0.000,89.999
16.58,0.00171,-0.00764,0.00290,0.2281,0.1636,9.5258,0.000,0.000,89.999
16.59,0.01155,-0.00665,0.00396,-0.1281,-0.0661,9.5087,0.000,0.000,90.000
16.60,0.00631,-0.00260,0.00111,0.0493,0.1355,9.7205,0.000,0.000,90.000
16.61,0.00496,-0.00646,0.00082,0.2219,0.0663,9.8281,0.000,0.000,90.000
16.62,0.00506,-0.00396,0.00180,-0.1037,0.0569,10.0129,0.000,0.000,90.000
16.63,0.00157,-0.00444,0.00087,-0.0364,-0.2490,9.9638,0.000,0.000,90.000
16.64,0.00813,-0.00934,0.00397,0.0722,-0.6026,9.8403,0.000,0.000,90.000
16.65,0.00080,-0.00562,0.00462,-0.2855,0.2818,9.8384,0.000,0.000,90.000
16.66,0.00223,-0.00491,0.00327,-0.1719,0.0960,9.7482,0.000,0.000,90.000
16.67,0.00345,0.00223,0.00743,-0.5407,-0.3607,9.9174,0.000,0.000,90.000
16.68,0.00162,-0.00725,0.00043,0.0219,0.0083,9.5949,0.000,0.000,90.000
16.69,-0.00155,-0.00640,0.00438,-0.1663,0.4857,9.4768,0.000,0.000,90.000
16.70,0.00331,-0.00229,0.00146,0.3062,-0.0306,9.9573,0.000,0.000,90.000
16.71,0.00592,-0.00357,0.00189,-0.1843,0.2221,9.0911,0.000,0.000,90.000
16.72,-0.00098,-0.00037,0.00122,-0.4099,0.1633,9.8902,0.000,0.000,90.000
16.73,0.00669,-0.00345,0.00069,0.3583,0.1460,9.9017,0.000,0.000,90.000
16.74,0.00544,-0.00892,-0.00054,0.2573,0.1683,9.1248,0.000,0.000,90.000
16.75,0.00610,-0.00097,0.00486,-0.2236,0.0563,9.7401,0.000,0.000,90.000
16.76,0.00839,-0.00687,0.00066,0.3848,-0.0101,9.7952,0.000,0.000,90.000
16.77,0.00346,-0.01138,0.00701,-0.2290,0.4833,9.8610,0.000,0.000,90.000
16.78,0.00262,-0.00678,0.00447,-0.0987,0.3237,10.0346,0.000,0.000,90.000
16.79,0.00739,-0.00729,0.00204,-0.0034,0.2201,9.5792,0.000,0.000,90.000
16.80,0.00492,-0.00411,-0.00240,-0.1086,0.1556,10.1497,0.000,0.000,90.000
16.81,0.00333,-0.00381,0.00041,0.3244,-0.2468,10.0730,0.000,0.000,90.000
16.82,0.00300,-0.00847,-0.00074,0.4403,-0.0433,9.9341,0.000,0.000,90.000
16.83,0.00170,-0.00474,0.00375,0.1244,-0.4438,9.7289,0.000,0.000,90.000
16.84,0.00280,-0.00346,0.00501,-0.2124,-0.0479,9.7482,0.000,0.000,90.000
16.85,0.00281,-0.00586,0.00083,0.3615,-0.1815,9.4417,0.000,0.000,90.000
16.86,0.00409,-0.00540,0.00305,0.0545,0.0110,9.4822,0.000,0.000,90.000
16.87,0.00819,0.00145,0.00249,0.0160,0.3746,9.6188,0.000,0.000,90.000
16.88,0.00911,-0.00832,0.00644,-0.1212,-0.1672,10.2326,0.000,0.000,90.000
16.89,0.00252,-0.00284,0.00044,0.2487,-0.0857,9.9559,0.000,0.000,90.000
16.90,0.00197,-0.00390,-0.00005,0.3384,0.0537,9.3170,0.000,0.000,90.000
16.91,0.00240,-0.00734,0.00728,0.2589,-0.1077,9.8461,0.000,0.000,90.000
16.92,0.00761,-0.00356,0.00472,-0.0844,0.3432,9.6013,0.000,0.000,90.000
16.93,0.00202,-0.00802,0.00189,-0.3267,0.0793,9.6986,0.000,0.000,90.000
16.94,0.00679,-0.00763,0.00781,-0.3108,0.4476,9.7951,0.000,0.000,90.000
16.95,0.00781,-0.00546,0.00728,-0.1978,0.1230,9.6070,0.000,0.000,90.000
16.96,0.00348,-0.00520,0.00944,0.0668,0.0556,9.4449,0.000,0.000,90.000
16.97,0.00294,-0.00144,0.00524,0.3386,0.1158,9.9744,0.000,0.000,90.000
16.98,0.00063,-0.00611,0.00438,0.1231,-0.0027,10.2291,0.000,0.000,90.000
16.99,0.00867,0.00300,0.00413,-0.1863,0.1830,10.1283,0.000,0.000,90.000
17.00,0.00437,-0.01001,0.01079,0.1792,-0.0120,9.6298,0.000,0.000,90.000
17.01,0.00244,-0.00390,0.00515,0.1762,0.1650,9.5598,0.000,0.000,90.000
17.02,0.00976,-0.00216,0.00305,-0.0997,-0.0467,9.4459,0.002,0.001,90.000
17.03,0.01416,0.00036,0.00698,-0.4162,-0.1661,10.3415,0.006,0.004,90.000
17.04,0.02450,0.00776,-0.00225,-0.1728,0.0908,9.6292,0.018,0.012,90.000
17.05,0.03894,0.01660,-0.00036,-0.2703,-0.4401,10.0045,0.039,0.026,90.000
17.06,0.07147,0.03512,0.00235,0.0504,-0.1832,9.9647,0.073,0.049,90.000
17.07,0.09256,0.05819,0.00082,-0.2360,-0.1309,10.2102,0.124,0.083,90.000
17.08,0.13196,0.08510,-0.00295,-0.4532,-0.0611,10.0054,0.193,0.129,90.000
17.09,0.16117,0.10354,-0.00285,-0.2537,0.1515,9.9481,0.284,0.189,90.000
17.10,0.20505,0.12967,0.00229,-0.3047,0.3364,10.0795,0.397,0.265,90.001
17.11,0.24757,0.15435,0.00698,0.3830,-0.1018,9.6122,0.535,0.357,90.002
17.12,0.29070,0.18116,-0.00009,0.1311,-0.0649,10.2254,0.698,0.465,90.003
17.13,0.33502,0.20711,0.00369,-0.0442,-0.3074,9.8925,0.885,0.590,90.005
17.14,0.37271,0.24740,0.00415,-0.0412,-0.1590,9.7550,1.098,0.732,90.007
17.15,0.42332,0.27456,0.00439,-0.2036,0.0842,9.4578,1.334,0.889,90.010
17.16,0.45644,0.30027,0.00030,-0.0743,0.0491,9.9571,1.594,1.063,90.015
17.17,0.49984,0.31845,0.00558,0.2465,-0.3943,9.6720,1.876,1.250,90.021
17.18,0.53461,0.34419,0.00472,-0.0149,0.2032,10.0617,2.179,1.452,90.028
17.19,0.56344,0.36770,0.00230,0.3101,-0.1299,9.8050,2.499,1.665,90.036
17.20,0.59134,0.38565,0.00416,-0.5732,0.7792,9.6824,2.837,1.890,90.047
17.21,0.61743,0.40283,-0.00226,0.3049,0.2627,9.9759,3.189,2.124,90.059
17.22,0.64050,0.40959,0.00717,0.2493,-0.1478,9.7337,3.554,2.367,90.074
17.23,0.66036,0.43797,0.00558,0.4413,0.1840,9.8816,3.930,2.616,90.090
17.24,0.67128,0.43935,0.00513,0.2145,0.0635,10.0724,4.314,2.871,90.108
17.25,0.68219,0.44649,0.00086,0.1632,0.2625,9.5188,4.704,3.130,90.129
17.26,0.69490,0.45236,-0.00210,0.0630,0.1558,9.9572,5.099,3.391,90.151
17.27,0.69614,0.45490,0.00281,-0.0010,0.3855,9.8401,5.496,3.654,90.176
17.28,0.69796,0.45369,0.00397,0.4968,0.0306,9.9574,5.894,3.917,90.202
17.29,0.69318,0.45590,0.00627,-0.0746,0.2511,9.8344,6.291,4.178,90.230
17.30,0.68838,0.44960,-0.00228,-0.2614,-0.0910,9.8864,6.684,4.438,90.260
17.31,0.67663,0.44460,0.00544,-0.0536,0.9235,9.6660,7.074,4.695,90.291
17.32,0.66624,0.43891,0.00287,0.2468,0.1742,10.0158,7.458,4.947,90.323
17.33,0.66092,0.42909,0.00109,0.4772,0.0837,9.8417,7.836,5.195,90.356
17.34,0.64354,0.41897,0.00333,-0.0218,0.3472,9.5986,8.205,5.437,90.391
17.35,0.62714,0.40894,0.00343,0.3141,0.1891,9.8352,8.565,5.673,90.426
17.36,0.61009,0.40125,0.00709,0.1447,-0.1000,10.1960,8.916,5.903,90.461
17.37,0.58875,0.38880,0.00258,-0.4516,-0.3154,9.7809,9.257,6.125,90.497
17.38,0.57262,0.37485,0.00633,-0.0177,0.0560,10.1109,9.586,6.340,90.533
17.39,0.55550,0.36486,0.00036,-0.0780,0.5807,10.4564,9.904,6.547,90.568
17.40,0.52289,0.34650,0.00272,-0.3472,0.0460,10.0811,10.210,6.747,90.604
17.41,0.51175,0.33631,0.00511,0.6283,0.1180,10.1497,10.503,6.938,90.639
17.42,0.48154,0.31064,-0.00167,-0.0798,0.0542,9.6291,10.785,7.121,90.674
17.43,0.46852,0.30206,0.00027,-0.2779,-0.2928,10.0191,11.054,7.296,90.708
17.44,0.44297,0.29398,-0.00108,0.0903,0.2185,10.1132,11.310,7.463,90.741
17.45,0.41742,0.27580,0.00058,0.2836,0.0608,9.5292,11.554,7.622,90.774
17.46,0.39993,0.26071,-0.00022,-0.1067,0.0676,10.2302,11.786,7.773,90.805
17.47,0.37746,0.24939,0.00321,-0.4067,-0.2207,9.7266,12.006,7.916,90.836
17.48,0.35373,0.23325,0.00522,0.2585,0.1952,10.2032,12.213,8.051,90.865
17.49,0.33907,0.22283,0.00403,-0.5627,0.0581,10.3553,12.410,8.179,90.893
17.50,0.31984,0.20638,0.00751,0.9029,0.0499,10.0049,12.594,8.300,90.920
17.51,0.30040,0.19549,0.00433,-0.1127,0.2309,10.1010,12.768,8.414,90.946
17.52,0.28170,0.18669,-0.00435,-0.1661,0.3066,10.0152,12.931,8.521,90.971
17.53,0.26306,0.17125,0.00550,-0.3706,-0.2081,10.4246,13.084,8.622,90.994
17.54,0.24388,0.16299,0.00386,0.0051,0.0327,10.3293,13.228,8.717,91.017
17.55,0.23010,0.15781,0.00233,0.6522,0.0494,10.2562,13.361,8.805,91.038
17.56,0.21376,0.14501,0.00452,-0.0908,-0.2086,10.0273,13.486,8.888,91.058
17.57,0.20097,0.13110,-0.00292,-0.1196,0.4138,10.0210,13.602,8.966,91.077
17.58,0.18311,0.12258,0.00268,0.2169,0.0997,10.5065,13.710,9.039,91.095
17.59,0.17366,0.11447,0.00404,0.1960,-0.0064,10.4367,13.811,9.106,91.112
17.60,0.16370,0.10874,0.00260,0.4799,-0.1070,10.2389,13.904,9.170,91.127
17.61,0.15255,0.09638,0.00428,0.0131,0.1072,10.0701,13.990,9.229,91.142
17.62,0.13927,0.09324,0.00450,0.1359,-0.0914,10.2964,14.070,9.283,91.156
17.63,0.12968,0.08748,0.00104,-0.0064,-0.3737,10.4479,14.143,9.334,91.169
17.64,0.11943,0.07942,0.00300,-0.1960,-0.3469,10.2804,14.211,9.382,91.181
17.65,0.10503,0.07039,0.00105,-0.0472,0.2568,10.3799,14.274,9.426,91.193
17.66,0.10249,0.05998,0.00145,-0.2997,0.3183,10.4214,14.332,9.467,91.203
17.67,0.09978,0.06191,0.00601,-0.0208,0.0839,9.7860,14.385,9.505,91.213
17.68,0.09157,0.06139,0.00352,-0.5295,-0.1857,11.0661,14.434,9.540,91.222
17.69,0.07700,0.05523,0.00338,-0.0886,0.1354,10.5282,14.479,9.573,91.231
17.70,0.07571,0.04856,-0.00030,-0.3326,0.2919,10.2763,14.520,9.603,91.239
17.71,0.06647,0.04501,0.00534,-0.4781,-0.0354,10.5810,14.558,9.631,91.246
17.72,0.05826,0.04028,0.00443,-0.2625,0.1600,10.2902,14.592,9.657,91.253
17.73,0.05611,0.03876,0.00389,-0.3367,-0.4170,10.2863,14.624,9.681,91.259
17.74,0.05472,0.03846,0.00599,-0.2740,0.5986,10.4232,14.653,9.704,91.265
17.75,0.04961,0.03042,0.00095,-0.0759,0.2318,10.6857,14.679,9.725,91.271
17.76,0.04705,0.03107,-0.00199,-0.0737,0.1712,10.4913,14.704,9.744,91.276
17.77,0.04184,0.02629,-0.00042,-0.1906,-0.2280,9.9744,14.726,9.761,91.281
17.78,0.03492,0.02179,-0.00201,-0.3112,0.0421,9.9874,14.746,9.778,91.285
17.79,0.03284,0.01674,0.00665,-0.1809,0.3604,10.1240,14.765,9.793,91.289
17.80,0.03538,0.01883,0.00483,-0.0467,0.1646,10.6110,14.782,9.807,91.293
17.81,0.03215,0.02008,0.00185,0.2171,0.1292,9.9671,14.798,9.820,91.296
17.82,0.02486,0.01436,-0.00305,-0.1729,-0.0328,10.3623,14.812,9.832,91.300
17.83,0.01961,0.00711,0.00627,-0.0008,-0.0964,10.0106,14.825,9.844,91.303
17.84,0.02248,0.00829,-0.00003,-0.1228,0.0727,10.4206,14.837,9.854,91.306
17.85,0.02285,0.01237,-0.00003,0.2022,0.1861,10.2438,14.848,9.864,91.308
17.86,0.01680,0.01199,-0.00236,0.0271,-0.0520,10.1013,14.858,9.873,91.311
17.87,0.02355,0.00759,0.00585,-0.0367,-0.1381,10.1401,14.868,9.881,91.313
17.88,0.01547,0.01010,0.00052,0.1526,0.3823,10.3568,14.876,9.889,91.315
17.89,0.01362,0.00712,0.00532,-0.2025,-0.0742,10.2163,14.884,9.896,91.317
17.90,0.01730,0.00722,0.00591,-0.2525,0.2975,9.9591,14.891,9.903,91.319
17.91,0.01410,0.00731,0.00218,-0.2824,0.3702,10.1570,14.898,9.909,91.320
17.92,0.01149,0.00073,-0.00222,-0.4598,-0.0767,10.4489,14.905,9.915,91.322
17.93,0.01555,0.00518,0.00203,0.0028,0.0786,10.2109,14.910,9.920,91.323
17.94,0.01046,0.00298,0.00344,0.0166,0.0518,10.4948,14.916,9.925,91.325
17.95,0.00923,0.00415,0.00285,-0.6214,0.1684,9.9865,14.921,9.930,91.326
17.96,0.00802,0.00044,0.00534,0.0518,0.4943,10.0824,14.925,9.934,91.327
17.97,0.00836,0.00090,-0.00109,-0.1687,0.0678,10.5549,14.930,9.939,91.328
17.98,0.00594,0.00818,0.00224,-0.3955,-0.2367,10.7358,14.934,9.942,91.329
17.99,0.00928,0.00231,0.00526,0.4620,0.1721,10.4712,14.938,9.946,91.330
18.00,0.00688,0.00230,-0.00024,0.1765,0.2101,10.4901,14.941,9.949,91.331
18.01,0.00945,-0.00481,0.00613,-0.1858,-0.0973,10.3406,14.945,9.953,91.332
18.02,0.00952,0.00044,-0.00353,0.2262,0.2131,10.5512,14.948,9.955,91.333
18.03,0.00524,-0.00639,0.00459,-0.5737,0.0612,10.2575,14.951,9.958,91.334
18.04,0.01183,-0.00247,0.00513,-0.0500,0.2980,10.2623,14.954,9.961,91.334
18.05,0.00532,0.00091,0.00339,-0.3156,-0.1846,10.1701,14.956,9.963,91.335
18.06,0.00743,-0.00153,0.00187,-0.2675,0.2031,10.4753,14.959,9.965,91.336
18.07,0.00826,-0.00602,0.00305,-0.0180,-0.1432,9.9461,14.961,9.968,91.336
18.08,0.00947,-0.00133,0.00207,-0.1171,-0.0310,10.1275,14.963,9.970,91.337
18.09,0.00753,-0.00151,0.00198,-0.3545,0.7366,10.3049,14.965,9.971,91.337
18.10,0.00315,-0.00357,0.00351,-0.3712,0.4637,10.1324,14.967,9.973,91.338
18.11,0.00483,-0.00235,0.00243,-0.0226,0.4317,10.2230,14.969,9.975,91.338
18.12,0.01037,-0.00799,0.00322,0.2932,0.4099,10.1711,14.971,9.976,91.339
18.13,0.00571,-0.00421,0.00404,0.0395,0.5908,10.9207,14.973,9.978,91.339
18.14,0.00621,-0.00185,0.00453,-0.1957,0.6036,10.1367,14.974,9.979,91.339
18.15,0.00673,-0.00133,0.00785,-0.2103,0.2318,9.9436,14.976,9.981,91.340
18.16,0.00999,-0.00250,0.00525,0.0531,0.3131,10.3648,14.977,9.982,91.340
18.17,0.00788,0.00386,0.00142,-0.0120,0.0728,10.3366,14.979,9.983,91.340
18.18,0.00605,-0.00862,0.00450,0.0866,0.1443,10.0788,14.980,9.984,91.341
18.19,0.00360,-0.00694,0.00216,-0.2243,0.1633,10.0427,14.981,9.985,91.341
18.20,0.00541,-0.00381,0.00103,-0.3573,0.1718,10.3344,14.982,9.986,91.341
18.21,0.00668,-0.00752,0.00794,-0.0652,-0.1193,9.8914,14.983,9.987,91.341
18.22,0.00111,0.00048,0.00562,-0.2303,0.2764,10.5188,14.984,9.988,91.342
18.23,0.00891,-0.00365,0.00436,-0.5940,-0.0202,10.1677,14.985,9.988,91.342
18.24,0.01253,-0.00357,0.00697,-0.2020,0.3841,10.1768,14.986,9.989,91.342
18.25,0.00415,-0.00106,-0.00116,-0.3397,0.1320,10.0534,14.987,9.990,91.342
18.26,0.00246,-0.00266,0.00744,-0.3714,0.4240,10.5700,14.988,9.990,91.342
18.27,0.00706,-0.00732,0.00177,-0.0579,0.0923,10.4906,14.989,9.991,91.343
18.28,-0.00029,0.00138,0.00053,-0.2620,0.5389,9.7879,14.989,9.992,91.343
18.29,0.00709,-0.00854,0.00126,-0.5370,-0.3053,10.0656,14.990,9.992,91.343
18.30,0.00996,-0.00603,0.00389,-0.4434,0.5332,10.0040,14.991,9.993,91.343
18.31,0.00580,-0.00489,0.00750,-0.0114,0.0205,10.1848,14.991,9.993,91.343
18.32,0.00368,-0.00756,0.00288,-0.4581,0.5359,9.9243,14.992,9.994,91.343
18.33,0.00454,-0.00534,0.00149,-0.1560,0.3705,10.0425,14.992,9.994,91.343
18.34,0.00621,-0.00766,0.00578,0.0335,-0.3131,10.3392,14.993,9.994,91.343
18.35,0.00421,-0.00652,0.00603,-0.1617,0.5765,10.2195,14.993,9.995,91.344
18.36,-0.00637,-0.00542,0.00369,-0.0310,0.4100,9.7033,14.994,9.995,91.344
18.37,0.00490,-0.00583,0.00315,-0.3401,0.7153,10.3491,14.994,9.995,91.344
18.38,-0.00185,-0.00279,0.00125,-0.6814,0.2106,10.1712,14.995,9.996,91.344
18.39,0.00878,-0.00115,0.00522,-0.8380,0.1882,10.2035,14.995,9.996,91.344
18.40,0.00378,-0.00897,0.00475,-0.2077,0.8060,10.4080,14.995,9.996,91.344
18.41,0.00278,-0.00461,0.00350,-0.2262,0.6101,10.7203,14.996,9.996,91.344
18.42,0.01136,-0.00742,-0.00030,-0.3284,0.3209,10.1531,14.996,9.997,91.344
18.43,0.00605,-0.00789,0.00546,0.0445,0.3689,9.6519,14.996,9.997,91.344
18.44,0.00145,-0.00561,0.00340,-0.7511,0.8834,9.9140,14.996,9.997,91.344
18.45,0.00504,-0.00042,-0.00092,-0.4238,0.2017,10.1533,14.997,9.997,91.344
18.46,0.00173,-0.00362,0.00173,-0.0929,0.3560,10.0794,14.997,9.997,91.344
18.47,-0.00099,-0.01543,0.00695,-0.2920,0.4519,10.2464,14.997,9.998,91.344
18.48,0.00610,-0.00749,0.00488,-0.0127,0.5635,10.3531,14.997,9.998,91.344
18.49,0.00731,-0.00686,0.00461,-0.5259,0.1316,10.0055,14.998,9.998,91.344
18.50,-0.00442,-0.01009,0.00217,-0.7537,0.1322,10.1082,14.998,9.998,91.344
18.51,0.00243,-0.00444,0.00091,-0.4659,0.5780,10.0841,14.998,9.998,91.345
18.52,0.00608,-0.00714,0.00723,0.1564,0.4823,10.3021,14.998,9.998,91.345
18.53,0.00623,-0.00462,0.00259,-0.1378,0.3473,9.8599,14.998,9.998,91.345
18.54,0.00635,-0.00618,0.00132,-0.1413,0.9611,9.7376,14.998,9.999,91.345
18.55,0.00274,-0.00712,-0.00147,-0.0644,0.7641,9.4821,14.998,9.999,91.345
18.56,0.00443,-0.00211,0.00379,-0.1824,0.1240,10.4520,14.998,9.999,91.345
18.57,0.00776,-0.00795,-0.00340,-0.6733,0.5905,10.4713,14.999,9.999,91.345
18.58,0.00306,-0.00412,0.00557,-0.5558,0.6048,9.9475,14.999,9.999,91.345
18.59,-0.00037,-0.00252,0.00163,-0.0813,0.7398,10.2039,14.999,9.999,91.345
18.60,-0.00246,-0.00087,0.00508,-0.1668,0.7822,10.4726,14.999,9.999,91.345
18.61,0.00662,-0.00553,0.00371,-0.0187,0.4143,9.9369,14.999,9.999,91.345
18.62,0.00451,-0.00665,0.00165,-0.6422,0.5838,10.1063,14.999,9.999,91.345
18.63,0.00537,-0.00631,0.00549,-0.7969,0.7679,10.4944,14.999,9.999,91.345
18.64,0.00324,-0.00317,0.00184,-0.7518,0.1325,10.1076,14.999,9.999,91.345
18.65,-0.00212,-0.00979,0.00391,-0.2718,0.8363,10.4565,14.999,9.999,91.345
18.66,0.00659,-0.00578,-0.00035,-0.3854,0.3998,10.0742,14.999,9.999,91.345
18.67,0.00507,-0.00814,0.00566,-0.5658,0.8863,10.1307,14.999,9.999,91.345
18.68,-0.00599,-0.00669,-0.00378,-0.3702,0.0948,10.0474,14.999,9.999,91.345
18.69,0.00592,-0.00762,0.00533,-0.2691,0.6348,10.0701,14.999,9.999,91.345
18.70,0.00283,-0.00761,0.00391,-0.1303,1.0562,10.0985,14.999,10.000,91.345
18.71,0.00516,-0.00432,0.00155,-0.1724,0.1514,9.8849,14.999,10.000,91.345
18.72,0.00382,-0.00080,0.00356,-0.7960,0.3113,9.9681,14.999,10.000,91.345
18.73,-0.00148,0.00008,0.00295,-0.7072,0.3248,10.1930,15.000,10.000,91.345
18.74,0.00138,-0.00504,-0.00400,-0.4950,0.7708,10.6203,15.000,10.000,91.345
18.75,0.00800,-0.00529,0.00167,-0.4855,0.1419,9.9936,15.000,10.000,91.345
18.76,0.00397,-0.00655,-0.00113,-0.2623,0.5240,10.1974,15.000,10.000,91.345
18.77,-0.00020,-0.00748,0.00358,-0.3627,0.6542,9.7478,15.000,10.000,91.345
18.78,0.00470,-0.00222,0.00628,-0.1911,0.7853,10.2945,15.000,10.000,91.345
18.79,0.00418,-0.00629,0.00376,-0.0218,0.8864,10.0077,15.000,10.000,91.345
18.80,0.00518,-0.00711,0.00560,-0.3434,0.5175,9.9514,15.000,10.000,91.345
18.81,0.00494,-0.00088,0.00224,-0.3195,0.5602,9.9271,15.000,10.000,91.345
18.82,0.00373,-0.00462,0.00037,-0.1067,0.6967,9.9469,15.000,10.000,91.345
18.83,0.00932,-0.00674,0.00116,-0.8145,0.9245,10.0474,15.000,10.000,91.345
18.84,0.00616,-0.00408,0.00073,-0.7945,1.1476,9.3750,15.000,10.000,91.345
18.85,0.00325,-0.01169,-0.00278,-0.3250,0.4593,9.9386,15.000,10.000,91.345
18.86,0.00067,0.00189,-0.00045,-0.5766,0.6946,10.1636,15.000,10.000,91.345
18.87,0.00235,-0.00462,0.00273,-0.5153,0.6702,10.3077,15.000,10.000,91.345
18.88,0.00482,-0.00923,0.00004,-0.4517,0.6778,9.9518,15.000,10.000,91.345
18.89,0.00385,-0.00791,0.00483,-0.6771,0.7460,9.8312,15.000,10.000,91.345
18.90,-0.00225,-0.00784,0.00559,-0.6099,0.3565,10.3493,15.000,10.000,91.345
18.91,0.01011,-0.00679,0.00050,-0.7403,0.8564,9.5474,15.000,10.000,91.345
18.92,0.00556,-0.00003,0.00475,-0.3892,1.2648,10.5756,15.000,10.000,91.345
18.93,0.00569,-0.00423,0.00079,0.4379,0.7442,9.8610,15.000,10.000,91.345
18.94,0.00286,-0.01666,0.00205,0.1007,0.3628,10.2427,15.000,10.000,91.345
18.95,0.00062,-0.01259,-0.00181,-0.4568,1.0874,9.7675,15.000,10.000,91.345
18.96,0.00148,-0.00861,0.00057,-0.3027,0.8973,9.9530,15.000,10.000,91.345
18.97,0.00725,-0.00543,0.00579,-0.1894,0.6740,10.2872,15.000,10.000,91.345
18.98,0.00798,-0.00420,-0.00056,-0.6829,0.9199,10.2641,15.000,10.000,91.345
18.99,0.00322,-0.00651,0.00192,-0.3493,0.9289,10.0774,15.000,10.000,91.345
19.00,0.00287,-0.00755,-0.00183,-0.6827,0.7721,9.5158,15.000,10.000,91.345
19.01,0.00431,-0.01056,0.00471,-0.3749,0.7130,10.0456,15.000,10.000,91.345
19.02,0.00202,-0.00718,0.00371,-0.8634,0.5790,10.2847,14.998,9.999,91.345
19.03,-0.00630,-0.01152,0.00381,-0.5185,0.8969,10.0481,14.993,9.996,91.344
19.04,-0.01651,-0.01952,0.00455,-0.7013,0.2774,10.0832,14.982,9.988,91.342
19.05,-0.03997,-0.03072,0.00230,-1.0674,0.9062,9.8645,14.960,9.975,91.338
19.06,-0.05809,-0.04764,0.00865,-0.6034,0.5954,10.0140,14.924,9.953,91.332
19.07,-0.08688,-0.06666,0.00423,-0.3363,0.7814,9.8749,14.872,9.920,91.323
19.08,-0.11913,-0.09049,0.00199,-0.7199,0.9922,9.8996,14.801,9.875,91.311
19.09,-0.15507,-0.11241,-0.00348,-0.5009,1.1924,9.7590,14.708,9.817,91.296
19.10,-0.19614,-0.14462,0.00955,-0.7335,0.9205,10.3355,14.591,9.744,91.276
19.11,-0.23249,-0.16595,-0.00032,-0.3188,1.0151,10.0354,14.449,9.655,91.253
19.12,-0.27728,-0.20021,0.00611,-0.9660,0.8729,10.4374,14.282,9.550,91.226
19.13,-0.32563,-0.22267,0.00280,-0.6280,1.1992,10.1466,14.090,9.428,91.195
19.14,-0.37275,-0.25703,0.00238,-0.5264,0.9789,10.0386,13.872,9.291,91.160
19.15,-0.41342,-0.28462,0.00169,-0.5784,0.2985,9.6459,13.630,9.137,91.122
19.16,-0.45241,-0.30745,0.00563,-0.5248,1.1004,9.6437,13.364,8.968,91.081
19.17,-0.48719,-0.33333,0.00379,-0.6224,0.9065,10.0676,13.076,8.785,91.037
19.18,-0.51683,-0.36082,-0.00191,-0.8232,1.4030,9.8586,12.767,8.588,90.992
19.19,-0.55924,-0.38215,0.00049,-0.4003,0.9678,9.8388,12.441,8.379,90.944
19.20,-0.58261,-0.40502,0.00646,-1.0920,0.9873,10.1514,12.098,8.159,90.896
19.21,-0.60941,-0.41647,0.00168,-0.8302,0.6401,9.9196,11.740,7.928,90.847
19.22,-0.63135,-0.43724,0.00244,-0.4925,0.8226,10.1891,11.370,7.689,90.797
19.23,-0.65023,-0.44469,0.00785,-0.8807,0.8548,9.9287,10.991,7.443,90.748
19.24,-0.66105,-0.45813,0.00505,-0.5593,1.1752,9.8176,10.604,7.190,90.700
19.25,-0.66754,-0.46226,-0.00576,-0.8227,1.0550,9.5483,10.211,6.933,90.652
19.26,-0.67619,-0.46753,0.00149,-0.9545,1.0665,10.1731,9.815,6.673,90.606
19.27,-0.68125,-0.47022,0.00531,-1.0448,0.6057,9.7528,9.417,6.411,90.561
19.28,-0.67905,-0.47093,0.00864,-0.8582,1.2104,9.5183,9.019,6.149,90.518
19.29,-0.68117,-0.46919,0.00220,-0.9137,0.6957,9.8527,8.623,5.886,90.477
19.30,-0.67511,-0.46198,0.00776,-0.5588,1.1257,9.6559,8.231,5.625,90.439
19.31,-0.66463,-0.46213,0.00204,-0.8586,1.0436,10.1327,7.844,5.367,90.402
19.32,-0.65304,-0.45327,0.00861,-0.3026,1.2907,10.0427,7.463,5.112,90.368
19.33,-0.63853,-0.44677,-0.00124,-0.7854,1.1022,9.9386,7.090,4.862,90.335
19.34,-0.62782,-0.43750,-0.00028,-1.0927,0.8266,9.7239,6.725,4.616,90.306
19.35,-0.61001,-0.42377,0.00597,-0.6465,1.2932,9.9953,6.370,4.376,90.278
19.36,-0.60105,-0.41792,0.00389,-1.1021,1.3590,9.3902,6.025,4.143,90.253
19.37,-0.57294,-0.40123,0.00183,-0.5900,0.8239,9.7486,5.691,3.916,90.229
19.38,-0.55532,-0.39426,0.00528,-0.6877,0.9136,9.7353,5.368,3.696,90.208
19.39,-0.53602,-0.37680,0.00334,-0.5429,0.2987,9.8170,5.057,3.484,90.189
19.40,-0.51834,-0.37184,0.00099,-0.3781,1.1798,10.1107,4.758,3.279,90.171
19.41,-0.49330,-0.34690,0.00294,-0.4238,1.1534,9.5543,4.471,3.083,90.155
19.42,-0.47507,-0.33642,0.00380,-0.9021,1.1516,9.9063,4.197,2.895,90.141
19.43,-0.44987,-0.31815,-0.00523,-1.1134,0.8912,9.9602,3.934,2.715,90.128
19.44,-0.42732,-0.30205,0.00582,-0.3113,0.9717,9.3859,3.685,2.543,90.117
19.45,-0.40335,-0.28862,0.00483,-0.8971,0.8963,9.6521,3.447,2.379,90.106
19.46,-0.38449,-0.27785,0.00269,-0.4816,0.6621,9.9365,3.222,2.223,90.097
19.47,-0.36487,-0.26272,0.00567,-0.6844,0.5732,9.7974,3.008,2.076,90.089
19.48,-0.34775,-0.25243,0.00180,-0.6807,1.2426,9.6952,2.806,1.936,90.082
19.49,-0.32672,-0.23338,-0.00058,-0.6823,1.0533,9.7330,2.615,1.804,90.076
19.50,-0.30798,-0.21830,0.00609,-0.5090,1.2130,10.1913,2.435,1.679,90.070
19.51,-0.29164,-0.20968,0.00652,-0.7739,1.1596,9.5785,2.266,1.562,90.066
19.52,-0.27561,-0.20220,0.00630,-0.2974,0.7678,10.2420,2.107,1.451,90.061
19.53,-0.25283,-0.18462,0.00438,-0.5481,0.8968,9.6552,1.958,1.348,90.058
19.54,-0.23730,-0.17318,0.00257,-0.9941,0.9300,9.9559,1.818,1.250,90.054
19.55,-0.22337,-0.16300,0.00263,-0.6226,1.1027,9.7171,1.687,1.159,90.052
19.56,-0.20432,-0.15269,0.00556,-1.0307,0.8969,9.8732,1.565,1.074,90.049
19.57,-0.19532,-0.14403,0.00037,-0.6564,1.4157,9.8668,1.451,0.995,90.047
19.58,-0.17926,-0.13452,0.00236,-0.9054,1.4062,9.5650,1.344,0.921,90.045
19.59,-0.16763,-0.12856,0.00330,-1.0573,1.0473,9.9837,1.245,0.852,90.044
19.60,-0.15607,-0.11918,0.00132,-0.5475,1.5667,9.8135,1.153,0.788,90.043
19.61,-0.14743,-0.10931,0.00936,-0.7171,1.0317,9.8144,1.068,0.729,90.041
19.62,-0.13419,-0.09700,0.00445,-0.5914,0.8047,9.8583,0.988,0.673,90.040
19.63,-0.12020,-0.09597,0.00119,-0.6616,1.0592,10.0933,0.915,0.622,90.040
19.64,-0.11400,-0.09357,0.00572,-0.4087,1.0151,9.9315,0.846,0.575,90.039
19.65,-0.10743,-0.08559,0.00591,-0.6908,0.6131,9.6086,0.783,0.531,90.038
19.66,-0.09859,-0.07906,0.00549,-0.8471,0.7867,9.9616,0.725,0.491,90.038
19.67,-0.08765,-0.06727,0.00069,-0.5548,0.8362,9.8152,0.671,0.453,90.037
19.68,-0.08152,-0.06579,0.00630,-0.9518,1.0501,9.5689,0.621,0.419,90.037
19.69,-0.07281,-0.06222,0.00501,-0.3719,1.3052,9.8501,0.574,0.387,90.036
19.70,-0.06985,-0.05981,0.00687,-0.8014,0.9776,9.6466,0.532,0.358,90.036
19.71,-0.06066,-0.05511,-0.00318,-0.9197,1.0287,9.8527,0.493,0.331,90.036
19.72,-0.05947,-0.05142,0.00456,-0.4092,1.0268,10.0049,0.456,0.306,90.036
19.73,-0.05385,-0.04465,-0.00210,-0.8812,0.8048,9.8088,0.423,0.283,90.036
19.74,-0.05166,-0.04192,0.00389,-0.0882,0.8882,9.8937,0.392,0.262,90.035
19.75,-0.04547,-0.03508,-0.00002,-0.5210,1.0850,9.6054,0.364,0.243,90.035
19.76,-0.03539,-0.03758,0.00427,-0.8555,1.4230,9.2593,0.338,0.225,90.035
19.77,-0.04484,-0.03555,0.00288,-0.9173,0.6816,9.9696,0.314,0.208,90.035
19.78,-0.03699,-0.03208,0.00585,-1.1881,0.5303,9.2899,0.291,0.193,90.035
19.79,-0.03733,-0.03115,0.00955,-0.1871,0.9060,9.9505,0.271,0.180,90.035
19.80,-0.03385,-0.03015,0.00074,-0.3928,0.8773,10.2760,0.252,0.167,90.035
19.81,-0.02587,-0.02986,0.00116,-0.3603,1.2012,10.1930,0.235,0.155,90.035
19.82,-0.02751,-0.02435,0.00272,-0.6139,0.7605,10.1472,0.219,0.144,90.035
19.83,-0.02061,-0.02454,0.00289,-0.5990,0.9548,9.3193,0.204,0.134,90.035
19.84,-0.02000,-0.02042,0.00068,-0.3689,1.0085,10.1202,0.190,0.125,90.035
19.85,-0.01929,-0.02020,0.00058,-0.4844,0.7055,9.7322,0.177,0.117,90.035
19.86,-0.01812,-0.02305,0.00397,-0.9275,0.6761,9.9117,0.166,0.109,90.035
19.87,-0.01784,-0.01807,0.00378,-0.6393,0.8245,9.4181,0.155,0.102,90.035
19.88,-0.01100,-0.01723,-0.00093,-0.8473,0.6811,9.4361,0.145,0.095,90.035
19.89,-0.01323,-0.02307,0.00666,-0.5723,0.6600,9.4580,0.135,0.089,90.035
19.90,-0.01126,-0.02516,0.00104,-0.7063,0.9255,9.4272,0.127,0.083,90.035
19.91,-0.00877,-0.01690,0.00310,-0.7640,0.5023,10.1096,0.119,0.078,90.035
19.92,-0.00557,-0.01491,0.00563,-0.6282,1.0532,9.9300,0.111,0.073,90.035
19.93,-0.00782,-0.01824,0.00024,-0.6000,0.6563,9.9492,0.104,0.068,90.035
19.94,-0.00588,-0.01313,0.00395,-0.5259,1.0606,9.8820,0.098,0.064,90.035
19.95,-0.00573,-0.01264,0.00258,-0.6675,0.7522,9.5304,0.092,0.060,90.035
19.96,-0.01046,-0.01077,0.00254,-0.8619,1.0415,10.2509,0.086,0.057,90.035
19.97,-0.00572,-0.01211,-0.00001,-0.8281,0.7459,9.3155,0.081,0.053,90.035
19.98,-0.00447,-0.00874,0.00178,-0.8655,0.9167,9.5534,0.076,0.050,90.035
19.99,-0.00502,-0.01647,0.00006,-0.8439,0.7218,9.2455,0.071,0.047,90.035
20.00,0.00388,-0.01260,-0.00020,-0.7640,0.5972,9.6714,0.067,0.044,90.035
20.01,-0.00246,-0.01041,0.00266,-0.5538,1.0649,10.0199,0.063,0.042,90.035
20.02,-0.00066,-0.00925,0.00076,-0.9032,1.0550,9.7319,0.059,0.039,90.035
20.03,-0.00041,-0.00863,0.00056,-1.2123,0.8162,10.0961,0.056,0.037,90.035
20.04,0.00356,-0.00900,0.00524,-0.3811,0.8975,9.9114,0.052,0.035,90.035
20.05,0.00238,-0.00538,0.00141,-0.5668,0.7760,9.7532,0.049,0.033,90.035
20.06,-0.00093,-0.01598,0.00472,-0.3586,0.7040,9.2651,0.046,0.031,90.035
20.07,0.00686,-0.00650,0.00014,-1.1242,1.2026,9.9172,0.044,0.029,90.035
20.08,0.00071,-0.01069,0.00367,-0.5779,1.2451,9.4651,0.041,0.027,90.035
20.09,-0.00590,-0.00760,0.00145,-0.4316,0.7670,9.6443,0.039,0.026,90.035
20.10,0.00331,-0.01522,-0.00290,-0.6890,0.3141,9.9086,0.036,0.024,90.035
20.11,0.00150,-0.01090,0.00522,-0.4818,0.5349,10.0019,0.034,0.023,90.035
20.12,-0.00363,-0.00842,0.00200,-0.4457,0.9303,9.4922,0.032,0.021,90.035
20.13,0.00332,-0.00061,0.00157,-0.6429,0.4625,9.6607,0.030,0.020,90.035
20.14,0.00277,-0.01487,0.00596,-0.7273,0.5044,9.5782,0.028,0.019,90.035
20.15,0.00228,-0.00820,-0.00093,-0.3751,1.0193,9.7079,0.027,0.018,90.035
20.16,0.00269,-0.00982,0.00563,-0.2977,0.7150,9.2837,0.025,0.017,90.035
20.17,0.00494,-0.00783,-0.00205,-0.5915,0.4949,9.6883,0.023,0.016,90.035
20.18,0.00446,-0.00216,0.00487,-0.6913,0.8086,9.9827,0.022,0.015,90.035
20.19,0.00430,-0.00728,0.00146,-0.5187,0.9052,9.6940,0.021,0.014,90.035
20.20,0.00089,-0.01184,-0.00013,-0.3670,0.7375,9.4031,0.019,0.013,90.035
20.21,-0.00082,-0.01577,0.00266,-0.4448,0.5359,10.0092,0.018,0.012,90.035
20.22,-0.00105,-0.00824,-0.00157,0.0054,0.7726,9.4952,0.017,0.011,90.035
20.23,0.00572,-0.00530,0.00151,-0.2957,0.3306,9.6032,0.016,0.011,90.035
20.24,0.00186,-0.00951,0.00377,-0.7122,0.8934,9.4502,0.015,0.010,90.035
20.25,0.00431,-0.00974,0.00501,-0.4490,1.1106,9.8414,0.014,0.009,90.035
20.26,0.00399,-0.00592,0.00908,-0.2935,0.6259,9.8319,0.013,0.009,90.035
20.27,0.00441,-0.00496,0.00521,-0.5970,0.6766,9.3724,0.012,0.008,90.035
20.28,0.00247,-0.00375,0.00124,-0.5549,1.3550,9.6510,0.012,0.008,90.035
20.29,0.00122,-0.00927,0.00396,-1.0019,0.3944,9.6446,0.011,0.007,90.035
20.30,0.00189,-0.00401,0.00528,-0.2971,0.8290,9.9894,0.010,0.007,90.035
20.31,0.00072,-0.01509,0.00631,-0.4809,1.0199,10.0060,0.009,0.006,90.035
20.32,0.00490,-0.00355,0.00544,-0.8965,0.9840,10.1885,0.009,0.006,90.035
20.33,0.00157,-0.00496,0.01003,-0.5135,1.0348,9.6725,0.008,0.006,90.035
20.34,0.00305,-0.00636,0.00155,-0.2038,0.6509,9.5450,0.008,0.005,90.035
20.35,0.00499,-0.00601,0.00340,-0.0226,0.4655,10.0450,0.007,0.005,90.035
20.36,0.00043,-0.00771,0.00508,-0.6183,0.6079,9.7330,0.007,0.005,90.035
20.37,-0.00232,-0.00534,0.00480,-0.0688,1.0558,9.8225,0.006,0.004,90.035
20.38,0.00623,-0.00354,0.00072,-0.2213,0.6636,10.1185,0.006,0.004,90.035
20.39,0.00451,-0.00916,-0.00075,-0.9102,0.9166,9.5675,0.005,0.004,90.035
20.40,-0.00037,-0.00893,0.00493,-0.5798,1.1865,10.4116,0.005,0.003,90.035
20.41,0.00141,-0.00835,0.00217,-0.9502,0.6208,9.9062,0.005,0.003,90.035
20.42,0.00483,-0.01118,-0.00103,-0.2746,0.6813,10.3809,0.004,0.003,90.035
20.43,0.00225,-0.00517,-0.00115,-0.2431,0.7170,10.2366,0.004,0.003,90.035
20.44,-0.00251,-0.00768,-0.00269,-0.4756,0.6772,9.9963,0.004,0.003,90.035
20.45,0.00518,-0.00413,0.00806,-0.6569,0.6352,9.6821,0.004,0.002,90.035
20.46,-0.00281,-0.00610,0.00123,-0.5020,0.9653,10.1805,0.003,0.002,90.035
20.47,0.00461,-0.00413,-0.00288,-0.6433,0.7674,9.4022,0.003,0.002,90.035
20.48,0.00728,-0.00818,-0.00006,-0.6823,0.5828,9.9034,0.003,0.002,90.035
20.49,0.00352,-0.00729,0.00161,-0.6970,0.6378,9.4338,0.003,0.002,90.035
20.50,0.00336,-0.00560,0.00623,-0.2674,1.1524,9.9227,0.003,0.002,90.035
20.51,0.00003,-0.01118,0.00615,-0.3282,0.8111,9.8474,0.002,0.002,90.035
20.52,0.00326,-0.00747,0.00220,-0.7865,0.6272,9.7634,0.002,0.001,90.035
20.53,0.00596,-0.00889,0.00057,-0.6918,0.8897,9.4755,0.002,0.001,90.035
20.54,0.00622,-0.01134,0.00669,-0.4919,0.5870,9.9863,0.002,0.001,90.035
20.55,0.00115,-0.00160,0.00267,-0.9437,0.9503,9.9265,0.002,0.001,90.035
20.56,0.00638,-0.00930,0.00812,-0.6304,0.6452,9.7798,0.002,0.001,90.035
20.57,0.00590,-0.00366,0.00644,-0.4196,0.5379,10.2058,0.002,0.001,90.035
20.58,0.00024,-0.00675,0.00530,-0.7120,0.4833,10.1126,0.001,0.001,90.035
20.59,0.00199,-0.00806,0.00066,-0.5205,0.7043,9.7985,0.001,0.001,90.035
20.60,0.00540,-0.00230,0.00349,-0.1151,0.6703,10.3399,0.001,0.001,90.035
20.61,0.00839,-0.00270,0.00396,-0.5208,0.2774,9.9261,0.001,0.001,90.035
20.62,0.00941,-0.00729,0.00111,-0.6090,0.7031,10.1688,0.001,0.001,90.035
20.63,0.00642,-0.00720,-0.00051,-0.5321,0.7672,10.1868,0.001,0.001,90.035
20.64,0.01080,-0.00822,0.00364,-0.4907,0.5651,10.1270,0.001,0.001,90.035
20.65,0.00107,-0.00435,0.00141,-0.5229,0.3367,9.6510,0.001,0.001,90.035
20.66,0.00227,0.00012,-0.00064,-0.1553,0.3652,9.7890,0.001,0.001,90.035
20.67,0.00857,-0.00313,0.00582,-0.6941,0.8402,9.6500,0.001,0.001,90.035
20.68,0.00419,-0.01297,-0.00021,-0.7087,0.5549,9.5816,0.001,0.000,90.035
20.69,0.00208,-0.01033,0.00522,-0.3896,0.5101,10.1516,0.001,0.000,90.035
20.70,0.00031,-0.01023,-0.00228,-0.1465,1.0123,9.9036,0.001,0.000,90.035
20.71,0.00544,-0.00389,0.00144,-0.3734,0.5132,10.0914,0.001,0.000,90.035
20.72,-0.00203,-0.00724,-0.00318,-0.5750,0.7393,9.9040,0.001,0.000,90.035
20.73,0.00288,-0.00867,0.00401,-0.6228,0.4326,9.7502,0.001,0.000,90.035
20.74,0.00485,-0.00163,0.00841,-0.1874,0.5120,10.0959,0.000,0.000,90.035
20.75,-0.00622,-0.00346,0.00279,-0.7524,0.9799,9.8707,0.000,0.000,90.035
20.76,0.00154,-0.01314,0.00027,-0.3278,0.6468,9.9545,0.000,0.000,90.035
20.77,0.00195,-0.01219,0.00027,-0.2257,0.8016,10.1103,0.000,0.000,90.035
20.78,0.00546,-0.00793,0.00849,-0.4384,0.4620,9.9865,0.000,0.000,90.035
20.79,0.00660,-0.00679,0.00644,-0.4306,0.2903,9.6739,0.000,0.000,90.035
20.80,0.00217,-0.01174,0.00479,-0.3552,0.8499,9.9391,0.000,0.000,90.035
20.81,0.00696,-0.00424,0.00404,-0.3707,0.9564,9.8989,0.000,0.000,90.035
20.82,0.00539,-0.00822,0.00910,-0.3170,0.7497,9.8678,0.000,0.000,90.035
20.83,0.00603,-0.00957,-0.00107,-0.4871,0.3167,9.7308,0.000,0.000,90.035
20.84,0.00324,-0.00428,0.00710,-0.4472,0.6623,9.5482,0.000,0.000,90.035
20.85,0.00198,-0.01094,-0.00031,-0.4897,0.7841,9.3703,0.000,0.000,90.035
20.86,0.00496,-0.00839,0.00507,-0.9112,0.7903,9.4754,0.000,0.000,90.035
20.87,0.00015,0.00231,0.00024,-0.4832,0.5139,9.5950,0.000,0.000,90.035
20.88,0.00832,-0.00932,0.00265,-0.4859,1.1298,10.2992,0.000,0.000,90.035
20.89,0.00384,-0.00846,0.00329,-0.1103,0.7889,9.6129,0.000,0.000,90.035
20.90,0.00167,-0.00542,0.00510,-0.4445,0.7983,10.4727,0.000,0.000,90.035
20.91,0.00097,-0.01133,0.00285,-0.2734,0.8354,9.2949,0.000,0.000,90.035
20.92,0.00689,-0.00649,0.00121,-0.3877,0.7715,10.1242,0.000,0.000,90.035
20.93,0.00669,-0.00856,0.00643,-0.1542,0.2732,9.8480,0.000,0.000,90.035
20.94,0.00710,-0.01155,0.00310,0.0083,0.1330,9.7723,0.000,0.000,90.035
20.95,0.00201,-0.00850,0.00401,-0.3658,0.8295,10.0676,0.000,0.000,90.035
20.96,0.00377,-0.01024,0.00511,-0.6966,0.8189,9.5021,0.000,0.000,90.035
20.97,0.00278,0.00029,0.00454,-0.5160,0.5455,10.3590,0.000,0.000,90.035
20.98,0.00193,-0.00560,0.00032,-0.7824,0.8344,9.8453,0.000,0.000,90.035
20.99,0.00930,-0.00550,0.00424,-0.3960,0.4547,10.0780,0.000,0.000,90.035
21.00,0.00235,-0.00943,0.00210,-0.7155,-0.0394,9.9416,0.000,0.000,90.035
21.01,0.01035,-0.00102,0.00084,-0.1150,0.4876,10.4736,0.000,0.000,90.035
21.02,0.00183,-0.00778,0.00540,-0.4565,0.4305,9.7227,0.000,0.000,90.035
21.03,0.00136,-0.00903,0.00005,-0.3787,0.9115,9.8814,0.000,0.000,90.035
21.04,0.00521,-0.00851,0.00798,-0.5189,0.8449,10.1427,0.000,0.000,90.035
21.05,0.00560,-0.00533,0.00325,-0.2590,0.5358,9.7011,0.000,0.000,90.035
21.06,0.00478,-0.01057,0.00376,-0.6180,0.5175,9.7589,0.000,0.000,90.035
21.07,0.00585,-0.00861,0.00529,-0.6005,0.5905,9.8802,0.000,0.000,90.035
21.08,0.00648,-0.00369,0.00377,-0.2987,0.3053,9.9376,0.000,0.000,90.035
21.09,-0.00360,-0.00372,0.00357,-0.7867,0.6760,9.9702,0.000,0.000,90.035
21.10,0.00324,-0.00766,0.00746,-0.1939,0.3196,9.8339,0.000,0.000,90.035
21.11,0.00191,-0.00511,0.00580,-0.4114,0.2675,9.6937,0.000,0.000,90.035
21.12,0.00356,-0.00446,0.00057,-0.6716,0.5287,9.8313,0.000,0.000,90.035
21.13,0.00515,-0.00415,0.00283,-0.0883,1.0299,9.8855,0.000,0.000,90.035
21.14,0.00411,-0.00300,0.00070,-0.3392,0.9631,10.1898,0.000,0.000,90.035
21.15,0.00056,-0.00435,0.00478,-0.3087,0.2227,9.7800,0.000,0.000,90.035
21.16,0.00373,-0.01323,0.00940,-0.5312,0.5587,9.6802,0.000,0.000,90.035
21.17,0.00104,-0.00776,0.00461,-0.7825,0.2768,9.8914,0.000,0.000,90.035
21.18,0.01042,-0.01061,0.00593,-0.4238,0.4093,10.1162,0.000,0.000,90.035
21.19,0.00535,-0.01088,-0.00134,-0.5901,0.5964,9.6814,0.000,0.000,90.035
21.20,0.00563,-0.00820,0.00602,-0.2966,0.7913,9.3725,0.000,0.000,90.035
21.21,0.00532,-0.00516,0.00297,-0.3639,0.5605,9.8370,0.000,0.000,90.035
21.22,0.00465,-0.00631,-0.00031,-0.7960,0.6362,9.5310,0.000,0.000,90.035
21.23,0.00120,-0.00093,-0.00063,-0.1595,0.4524,9.6249,0.000,0.000,90.035
21.24,0.00643,-0.00188,0.00150,-0.5462,0.6060,9.4798,0.000,0.000,90.035
21.25,0.00405,-0.00533,-0.00038,-0.1079,0.4563,9.7485,0.000,0.000,90.035
21.26,0.00650,-0.00067,-0.00586,-0.3908,0.6215,9.7977,0.000,0.000,90.035
21.27,0.00314,-0.00308,0.00271,-0.2751,0.5319,10.1077,0.000,0.000,90.035
21.28,0.00247,-0.00521,0.00530,-0.2004,0.5114,9.8852,0.000,0.000,90.035
21.29,0.00505,-0.00806,0.00600,-0.2439,0.7237,9.5055,0.000,0.000,90.035
21.30,0.00182,-0.00237,0.00364,-0.1709,0.6980,9.7832,0.000,0.000,90.035
21.31,0.00202,-0.00931,0.00412,-0.2149,0.7755,9.7290,0.000,0.000,90.035
21.32,0.00250,-0.00231,0.00214,-0.6167,0.7801,9.7024,0.000,0.000,90.035
21.33,0.00783,-0.01215,0.00365,-0.1216,0.3667,10.0454,0.000,0.000,90.035
21.34,0.00123,0.00132,-0.00021,-0.4240,0.3311,9.6923,0.000,0.000,90.035
21.35,0.00243,-0.00401,-0.00071,-0.5096,0.4212,10.1818,0.000,0.000,90.035
21.36,0.00741,-0.00608,0.00255,-0.4524,0.7236,9.8135,0.000,0.000,90.035
21.37,0.00080,-0.00369,0.00425,-0.2173,0.7267,9.4365,0.000,0.000,90.035
21.38,0.00080,-0.00298,-0.00075,-0.4545,0.1669,9.7190,0.000,0.000,90.035
21.39,0.00606,-0.00881,0.00250,-0.3099,0.2054,9.6737,0.000,0.000,90.035
21.40,0.00537,-0.00348,0.00142,-0.2892,0.4585,9.5045,0.000,0.000,90.035
21.41,0.01065,-0.00321,0.00362,-0.1169,0.2957,9.4078,0.000,0.000,90.035
21.42,0.00123,-0.00465,0.01207,0.0610,0.1485,9.8573,0.000,0.000,90.035
21.43,0.00354,-0.00935,0.00175,-0.4047,0.3159,9.5381,0.000,0.000,90.035
21.44,0.00207,-0.00936,0.00343,-0.6536,0.6474,9.9047,0.000,0.000,90.035
21.45,0.00162,-0.00049,0.00712,-0.1195,0.6323,9.7091,0.000,0.000,90.035
21.46,0.00648,-0.00324,0.00071,-0.5888,0.5648,10.3154,0.000,0.000,90.035
21.47,0.00308,-0.00264,0.00344,-0.7126,0.2763,10.3548,0.000,0.000,90.035
21.48,0.00192,-0.00040,0.00945,-0.0903,0.4914,9.2987,0.000,0.000,90.035
21.49,0.00060,-0.00271,0.00245,-0.4533,0.7614,9.4101,0.000,0.000,90.035
21.50,0.00287,-0.00180,0.00422,-0.3251,0.1712,10.0001,0.000,0.000,90.035
21.51,0.00972,-0.00608,0.00062,-0.6984,0.6662,9.4444,0.000,0.000,90.035
21.52,0.00733,-0.00697,0.00739,0.0265,0.5411,10.3386,0.000,0.000,90.035
21.53,0.00807,-0.01136,0.00593,-0.6062,0.8121,10.2876,0.000,0.000,90.035
21.54,0.00158,-0.00412,0.00139,-0.5691,0.7921,9.3197,0.000,0.000,90.035
21.55,0.00323,-0.00781,0.00767,-0.1484,0.7523,9.9461,0.000,0.000,90.035
21.56,0.00046,-0.00502,0.00242,-0.0590,0.7537,9.7856,0.000,0.000,90.035
21.57,-0.00004,-0.00776,0.00425,-0.0721,0.6543,9.8299,0.000,0.000,90.035
21.58,0.00375,-0.00044,-0.00224,-0.0997,0.6172,9.4580,0.000,0.000,90.035
21.59,0.00521,-0.00861,0.00482,-0.1443,0.3039,9.7019,0.000,0.000,90.035
21.60,0.00377,-0.00307,0.00302,-0.2413,0.3449,9.8453,0.000,0.000,90.035
21.61,0.00662,-0.01117,0.00374,-0.5324,0.4041,9.7210,0.000,0.000,90.035
21.62,0.00772,-0.00818,-0.00234,-0.0675,0.3248,9.5982,0.000,0.000,90.035
21.63,0.00369,-0.00681,0.00335,-0.1035,0.4338,9.3478,0.000,0.000,90.035
21.64,-0.00193,-0.00154,0.00144,-0.5511,0.4237,9.9637,0.000,0.000,90.035
21.65,0.00601,-0.00331,0.00451,-0.2254,0.0926,9.8088,0.000,0.000,90.035
21.66,0.00540,-0.00569,-0.00177,-0.8230,0.1599,10.0422,0.000,0.000,90.035
21.67,0.00189,-0.00471,0.00129,-0.3960,0.2885,9.7750,0.000,0.000,90.035
21.68,0.00541,-0.00836,0.00631,-0.2385,0.3184,9.7495,0.000,0.000,90.035
21.69,0.00292,-0.00549,-0.00027,-0.6256,0.3277,9.8585,0.000,0.000,90.035
21.70,0.00595,-0.00609,0.00311,-0.1489,0.3249,9.2559,0.000,0.000,90.035
21.71,0.00247,-0.01171,0.00525,-0.2739,0.6090,9.7772,0.000,0.000,90.035
21.72,0.00473,-0.00809,0.00537,-0.1917,0.2769,10.0330,0.000,0.000,90.035
21.73,0.00606,-0.01047,0.00108,-0.0733,0.5579,9.9640,0.000,0.000,90.035
21.74,0.00545,-0.00027,0.00557,-0.1981,0.2040,9.6958,0.000,0.000,90.035
21.75,0.00187,-0.00798,0.00480,-0.6407,0.1611,9.4628,0.000,0.000,90.035
21.76,-0.00000,-0.00464,0.00650,-0.4030,0.4774,9.4622,0.000,0.000,90.035
21.77,-0.00116,-0.00396,0.00143,0.0578,0.1212,9.8663,0.000,0.000,90.035
21.78,0.00610,-0.00578,0.00732,-0.3436,0.1951,9.4208,0.000,0.000,90.035
21.79,0.00341,-0.00581,0.00269,-0.3251,0.2203,9.9432,0.000,0.000,90.035
21.80,0.00619,-0.00725,0.00474,-0.5046,0.1530,10.0243,0.000,0.000,90.035
21.81,0.00014,-0.00260,0.00353,-0.5979,0.6342,10.0583,0.000,0.000,90.035
21.82,0.00433,-0.00855,0.00117,-0.3573,0.0812,9.7846,0.000,0.000,90.035
21.83,0.00328,-0.00876,0.00231,-0.3203,0.3889,9.6331,0.000,0.000,90.035
21.84,0.00968,-0.00760,0.00246,-0.2758,0.0487,9.6895,0.000,0.000,90.035
21.85,0.00462,-0.00815,0.00703,-0.3882,0.4893,9.6818,0.000,0.000,90.035
21.86,0.00292,-0.00734,0.00554,-0.3242,0.7712,9.8453,0.000,0.000,90.035
21.87,0.00783,-0.00800,-0.00290,-0.6061,0.6992,9.9804,0.000,0.000,90.035
21.88,0.00701,-0.00268,0.00592,-0.3334,0.1691,9.4922,0.000,0.000,90.035
21.89,0.00605,-0.00438,0.00023,0.0335,0.3280,9.5654,0.000,0.000,90.035
21.90,0.00670,-0.00827,0.00420,-0.1923,0.6273,9.8011,0.000,0.000,90.035
21.91,0.00486,-0.00330,0.00581,-0.6649,0.5475,10.5362,0.000,0.000,90.035
21.92,0.00283,-0.00588,0.00496,-0.6003,0.3611,9.6402,0.000,0.000,90.035
21.93,0.00297,-0.00881,-0.00278,-0.3309,0.3256,9.7542,0.000,0.000,90.035
21.94,0.00596,-0.00573,0.00622,0.3165,0.1242,9.8530,0.000,0.000,90.035
21.95,0.00175,0.00130,0.00721,-0.2410,0.6348,9.7158,0.000,0.000,90.035
21.96,0.00435,-0.00888,-0.00157,-0.7225,0.7255,10.2439,0.000,0.000,90.035
21.97,0.00956,-0.00525,-0.00017,-0.0297,0.9589,10.2371,0.000,0.000,90.035
21.98,0.00372,-0.00887,0.00192,-0.4316,0.4568,9.9564,0.000,0.000,90.035
21.99,0.00768,-0.00511,0.00151,-0.2191,-0.3371,9.5797,0.000,0.000,90.035
22.00,0.01022,-0.00245,0.00299,-0.2486,0.2812,9.9196,0.000,0.000,90.035
22.01,0.00377,-0.00704,0.00454,0.0335,0.6535,9.4995,0.000,0.000,90.035
22.02,0.00631,-0.00156,0.00727,-0.3170,0.6528,10.0079,0.000,0.000,90.035
22.03,0.00257,-0.00753,0.00316,-0.4484,0.8874,9.4251,0.000,0.000,90.035
22.04,0.00710,-0.01187,0.00391,-0.1671,0.3575,9.3704,0.000,0.000,90.035
22.05,0.00269,-0.00886,0.00438,0.1064,0.1864,9.7574,0.000,0.000,90.035
22.06,0.00632,-0.00487,0.00230,-0.2216,0.7525,9.5792,0.000,0.000,90.035
22.07,0.00622,-0.00618,0.00229,-0.1749,0.3290,9.7274,0.000,0.000,90.035
22.08,-0.00044,-0.01066,0.00736,-0.5214,0.3863,9.9958,0.000,0.000,90.035
22.09,0.00058,-0.00740,0.00601,-0.4232,0.4264,9.8281,0.000,0.000,90.035
22.10,0.00316,-0.00571,0.00458,0.0069,0.4277,9.8567,0.000,0.000,90.035
22.11,0.00328,-0.01059,0.00360,-0.1268,0.3397,9.3018,0.000,0.000,90.035
22.12,0.00248,-0.00837,0.00678,-0.4417,0.3031,9.7230,0.000,0.000,90.035
22.13,-0.00183,-0.00481,0.00707,-0.4207,0.4326,10.0159,0.000,0.000,90.035
22.14,0.00281,-0.00779,0.00252,-0.0506,0.3959,9.5378,0.000,0.000,90.035
22.15,0.00068,-0.00774,0.00362,-0.1254,0.3638,9.5371,0.000,0.000,90.035
22.16,0.00701,-0.00680,-0.00144,-0.0870,0.4356,9.5256,0.000,0.000,90.035
22.17,0.00369,-0.00427,0.00423,-0.4090,0.1691,9.7505,0.000,0.000,90.035
22.18,0.00321,-0.00567,0.00676,-0.0935,-0.1953,9.9955,0.000,0.000,90.035
22.19,0.00786,-0.00471,-0.00104,-0.0110,0.1666,9.4991,0.000,0.000,90.035
22.20,0.00537,-0.00824,0.00320,-0.5788,0.4443,9.9178,0.000,0.000,90.035
22.21,0.00700,-0.00633,0.00333,-0.1860,0.0450,10.1500,0.000,0.000,90.035
22.22,0.00564,-0.01045,0.00189,-0.2554,0.6900,9.6283,0.000,0.000,90.035
22.23,0.00227,-0.00688,0.00412,-0.1241,0.6892,9.4754,0.000,0.000,90.035
22.24,0.00096,-0.01140,0.00244,-0.1769,0.0097,9.6546,0.000,0.000,90.035
22.25,0.00762,-0.00320,0.00374,-0.3529,0.1665,9.5857,0.000,0.000,90.035
22.26,0.00479,-0.00741,0.00593,0.0305,0.7348,9.7182,0.000,0.000,90.035
22.27,0.00759,-0.00537,0.00077,-0.2146,0.3105,9.6623,0.000,0.000,90.035
22.28,0.00513,-0.00804,0.00487,-0.5184,0.4928,9.9581,0.000,0.000,90.035
22.29,0.00358,-0.01044,0.00363,0.0552,-0.0989,9.9188,0.000,0.000,90.035
22.30,0.00336,-0.00061,0.00605,-0.5565,0.7178,9.6547,0.000,0.000,90.035
22.31,0.00344,-0.00544,-0.00069,-0.1419,0.2125,10.0944,0.000,0.000,90.035
22.32,0.00370,-0.00880,0.00663,-0.1610,0.4627,9.9377,0.000,0.000,90.035
22.33,0.00270,-0.00466,0.00452,-0.2914,0.2366,9.5463,0.000,0.000,90.035
22.34,-0.00081,-0.01016,0.00449,-0.3778,-0.1478,9.8104,0.000,0.000,90.035
22.35,0.00489,-0.00328,0.00662,-0.1295,0.3961,9.7365,0.000,0.000,90.035
22.36,0.00669,-0.00904,0.00333,-0.3232,0.0595,9.6805,0.000,0.000,90.035
22.37,0.00479,-0.00646,0.00658,0.2423,0.1386,9.9249,0.000,0.000,90.035
22.38,0.01025,-0.00594,0.00400,0.0682,0.2254,9.7090,0.000,0.000,90.035
22.39,0.00531,-0.00974,0.00052,-0.4081,0.4709,9.5605,0.000,0.000,90.035
22.40,0.00990,-0.00402,-0.00485,-0.5447,0.7268,9.7675,0.000,0.000,90.035
22.41,0.00239,-0.00088,0.00353,0.0525,0.1818,9.5969,0.000,0.000,90.035
22.42,-0.00181,-0.00479,0.00681,-0.2151,0.4058,10.3487,0.000,0.000,90.035
22.43,-0.00072,-0.00980,0.00594,-0.3814,0.4541,9.6897,0.000,0.000,90.035
22.44,0.00435,-0.00235,0.00348,-0.2537,0.6042,9.9293,0.000,0.000,90.035
22.45,0.00121,-0.00923,0.00210,-0.2782,-0.2525,9.8992,0.000,0.000,90.035
22.46,0.00320,-0.00385,0.00419,-0.1866,0.4841,9.6612,0.000,0.000,90.035
22.47,-0.00008,-0.00625,0.00440,0.0596,0.2760,9.5995,0.000,0.000,90.035
22.48,0.00242,-0.00291,-0.00008,-0.2201,0.1645,9.1335,0.000,0.000,90.035
22.49,0.00703,-0.00351,0.00131,-0.6712,0.2601,9.8898,0.000,0.000,90.035
22.50,0.00531,-0.00410,0.00213,-0.1942,0.0804,10.0094,0.000,0.000,90.035
22.51,0.01328,-0.00858,0.00026,-0.1166,0.9257,10.0113,0.000,0.000,90.035
22.52,0.00309,-0.00802,0.00501,-0.4320,0.8728,9.3772,0.000,0.000,90.035
22.53,0.00831,-0.00337,0.00376,-0.3776,0.1206,9.5136,0.000,0.000,90.035
22.54,0.00224,-0.00025,-0.00158,0.1895,0.1963,9.5495,0.000,0.000,90.035
22.55,0.00073,-0.00566,0.00653,-0.2268,0.2069,10.0654,0.000,0.000,90.035
22.56,0.00421,-0.00437,0.00347,-0.3415,0.4776,9.5507,0.000,0.000,90.035
22.57,0.00167,-0.00954,0.00233,-0.2480,0.5512,9.8502,0.000,0.000,90.035
22.58,0.00705,-0.00108,0.00156,-0.1654,-0.1781,9.5077,0.000,0.000,90.035
22.59,0.00404,-0.00803,0.00430,-0.1081,0.3563,10.2366,0.000,0.000,90.035
22.60,0.00532,-0.01023,-0.00220,-0.1205,0.2100,9.5188,0.000,0.000,90.035
22.61,0.00532,0.00001,0.00018,-0.3529,0.5373,9.9615,0.000,0.000,90.035
22.62,0.00199,-0.00584,0.00510,-1.0458,0.2078,9.4973,0.000,0.000,90.035
22.63,0.00289,-0.00589,0.00305,-0.2723,0.4907,10.2532,0.000,0.000,90.035
22.64,0.00694,-0.00701,0.00281,-0.4164,0.6283,9.5968,0.000,0.000,90.035
22.65,-0.00234,-0.00552,0.00209,-0.4156,0.4442,10.1555,0.000,0.000,90.035
22.66,0.00430,-0.00354,-0.00239,0.1455,0.3662,9.9429,0.000,0.000,90.035
22.67,0.00370,-0.00339,0.00005,-0.1364,0.0738,9.7927,0.000,0.000,90.035
22.68,0.00284,-0.00139,0.00492,0.1127,0.8735,10.1159,0.000,0.000,90.035
22.69,0.00153,-0.00995,0.00121,-0.1060,0.5970,9.8214,0.000,0.000,90.035
22.70,0.00391,-0.00362,0.00107,-0.0184,0.2612,9.5939,0.000,0.000,90.035
22.71,0.00171,-0.00333,0.00441,0.1626,0.7355,10.1123,0.000,0.000,90.035
22.72,0.00456,-0.01036,0.01043,0.1052,0.1726,10.1582,0.000,0.000,90.035
22.73,0.00228,-0.00738,0.00047,-0.2069,0.3012,9.6410,0.000,0.000,90.035
22.74,0.00457,-0.00583,0.00497,-0.0116,0.4471,9.4188,0.000,0.000,90.035
22.75,0.00267,-0.00393,0.00769,0.1832,0.1192,10.4286,0.000,0.000,90.035
22.76,0.00213,-0.00761,0.00366,0.0631,0.1770,10.1616,0.000,0.000,90.035
22.77,0.00588,-0.00867,0.00612,-0.4586,-0.0663,9.5884,0.000,0.000,90.035
22.78,0.00596,-0.00254,0.00822,-0.4415,0.3654,9.9956,0.000,0.000,90.035
22.79,0.00360,-0.00354,0.00287,-0.3375,0.2913,9.9653,0.000,0.000,90.035
22.80,0.00416,-0.00422,0.00382,-0.2948,0.2523,10.0060,0.000,0.000,90.035
22.81,0.00253,-0.00649,0.01060,-0.1255,0.4695,9.6232,0.000,0.000,90.035
22.82,0.00886,-0.01025,0.00770,-0.0675,0.1527,10.1727,0.000,0.000,90.035
22.83,0.00933,-0.00695,0.00299,0.0687,0.4088,9.7979,0.000,0.000,90.035
22.84,0.00506,-0.00895,0.00847,-0.4806,0.2016,9.6491,0.000,0.000,90.035
22.85,0.00553,-0.00137,0.00219,-0.1116,0.4158,9.9487,0.000,0.000,90.035
22.86,0.00444,-0.00512,0.00612,-0.4228,0.0228,9.9403,0.000,0.000,90.035
22.87,0.00475,0.00035,0.00980,-0.2842,0.2046,9.9912,0.000,0.000,90.035
22.88,0.00687,-0.00453,0.00093,-0.0787,0.0889,9.8213,0.000,0.000,90.035
22.89,-0.00144,-0.00886,0.00551,-0.2774,0.1359,9.7469,0.000,0.000,90.035
22.90,0.00580,-0.00941,0.00404,-0.1291,0.2789,9.7508,0.000,0.000,90.035
22.91,0.00578,-0.00459,0.00603,-0.3808,0.5034,9.9807,0.000,0.000,90.035
22.92,0.00035,-0.00531,0.00470,-0.2237,-0.0341,10.0081,0.000,0.000,90.035
22.93,0.00158,-0.00561,-0.00064,0.0101,0.2603,9.6931,0.000,0.000,90.035
22.94,0.00662,-0.00695,0.00611,-0.1133,0.3823,9.6706,0.000,0.000,90.035
22.95,0.00150,-0.00433,0.00171,0.2187,0.3543,9.7918,0.000,0.000,90.035
22.96,0.00124,-0.00439,0.00115,-0.2300,0.0154,10.2400,0.000,0.000,90.035
22.97,0.00816,-0.00721,0.00754,-0.1233,-0.2035,9.9201,0.000,0.000,90.035
22.98,0.00334,-0.00584,0.00679,-0.3623,0.5151,9.7338,0.000,0.000,90.035
22.99,-0.00120,-0.00180,0.00306,-0.0632,0.5791,9.8672,0.000,0.000,90.035
23.00,0.00486,-0.00656,0.00311,-0.4022,0.3855,9.7988,0.000,0.000,90.035
23.01,0.00069,-0.00959,0.00468,-0.0251,0.3780,9.9005,0.000,0.000,90.035
23.02,0.00375,-0.00344,-0.00178,-0.3690,0.4581,9.8813,0.000,0.000,90.035
23.03,-0.00093,-0.00598,0.00511,-0.1839,0.0335,9.6592,0.000,0.000,90.035
23.04,0.00568,-0.00513,-0.00108,-0.2122,0.8330,9.9611,0.000,0.000,90.035
23.05,0.00723,-0.00378,0.00333,-0.1202,-0.0012,9.8479,0.000,0.000,90.035
23.06,0.00190,0.00014,0.00552,-0.5488,0.5668,9.4439,0.000,0.000,90.035
23.07,0.00269,-0.00402,0.00200,-0.2683,0.2580,9.8502,0.000,0.000,90.035
23.08,-0.00008,-0.00874,0.00110,-0.3778,0.0736,9.6013,0.000,0.000,90.035
23.09,0.00530,-0.00699,0.00008,0.2519,0.9100,9.7486,0.000,0.000,90.035
23.10,0.00186,-0.00587,0.00170,-0.1597,0.4573,9.7113,0.000,0.000,90.035
23.11,0.00838,-0.01008,-0.00039,-0.2201,0.2977,9.4641,0.000,0.000,90.035
23.12,0.00671,-0.00790,0.00790,-0.3416,0.5422,9.8725,0.000,0.000,90.035
23.13,0.00573,-0.00675,0.00209,-0.2825,0.1164,9.6448,0.000,0.000,90.035
23.14,0.00619,-0.00143,-0.00128,0.1146,0.0546,9.9350,0.000,0.000,90.035
23.15,0.00374,-0.00609,0.00371,0.1982,-0.0410,9.9216,0.000,0.000,90.035
23.16,0.00822,-0.00086,0.00247,-0.4316,0.2487,9.8451,0.000,0.000,90.035
23.17,0.00466,-0.00340,-0.00198,-0.3596,0.2643,9.7183,0.000,0.000,90.035
23.18,0.00081,-0.00459,0.00124,-0.5363,0.3589,9.8701,0.000,0.000,90.035
23.19,0.00175,-0.00336,0.00222,-0.6332,-0.3834,9.7067,0.000,0.000,90.035
23.20,0.00170,-0.00433,-0.00148,-0.3882,-0.2216,10.1571,0.000,0.000,90.035
23.21,0.00503,-0.00913,0.00534,0.0357,0.0801,9.8528,0.000,0.000,90.035
23.22,0.00193,-0.00488,0.00195,0.1059,-0.0055,9.5131,0.000,0.000,90.035
23.23,0.00354,-0.01046,0.00264,-0.0757,0.6133,9.9875,0.000,0.000,90.035
23.24,0.00246,-0.00454,0.00449,-0.0809,0.2010,9.7015,0.000,0.000,90.035
23.25,0.00788,-0.00801,0.00619,-0.5638,0.1218,9.6034,0.000,0.000,90.035
23.26,0.00252,-0.00667,0.00247,-0.6846,0.4973,9.2133,0.000,0.000,90.035
23.27,0.00504,-0.00544,0.00095,-0.2719,0.2762,9.7754,0.000,0.000,90.035
23.28,0.00108,-0.00679,0.00703,-0.5849,0.3502,10.1227,0.000,0.000,90.035
23.29,0.00521,-0.01096,0.00227,-0.0415,0.1854,9.3307,0.000,0.000,90.035
23.30,0.00384,-0.00528,0.00531,-0.7020,0.5495,9.4844,0.000,0.000,90.035
23.31,0.00295,-0.00356,0.00159,-0.4511,0.5060,9.6792,0.000,0.000,90.035
23.32,0.00890,-0.00593,0.00325,-0.4176,0.3044,9.4272,0.000,0.000,90.035
23.33,0.00186,-0.00836,-0.00025,0.1468,0.3679,10.1491,0.000,0.000,90.035
23.34,0.00449,-0.00731,0.00791,-0.2254,-0.1759,10.0774,0.000,0.000,90.035
23.35,0.00441,-0.00518,0.00121,0.1252,0.0481,9.7427,0.000,0.000,90.035
23.36,0.00062,-0.00560,-0.00193,-0.2253,0.2024,10.1762,0.000,0.000,90.035
23.37,0.00663,-0.00471,0.00539,-0.1000,0.2505,9.0462,0.000,0.000,90.035
23.38,0.00372,-0.00826,0.00456,-0.3067,0.2835,9.6859,0.000,0.000,90.035
23.39,0.00487,-0.00427,0.00410,-0.6711,0.2940,9.6142,0.000,0.000,90.035
23.40,0.00643,-0.00710,0.00485,0.1030,-0.0713,9.6833,0.000,0.000,90.035
23.41,0.00730,-0.01036,-0.00066,-0.2155,0.7128,10.0353,0.000,0.000,90.035
23.42,0.00511,-0.00741,0.00133,-0.4278,0.4082,9.8096,0.000,0.000,90.035
23.43,0.00171,0.00005,0.00334,-0.0354,0.1098,9.5843,0.000,0.000,90.035
23.44,-0.00255,-0.01107,0.00668,0.0887,0.3215,10.1442,0.000,0.000,90.035
23.45,0.00792,-0.00352,0.00167,-0.2899,0.7635,10.0281,0.000,0.000,90.035
23.46,0.00547,-0.00520,0.00435,0.1303,0.3905,9.8125,0.000,0.000,90.035
23.47,0.00419,-0.00487,0.00255,0.3554,0.2012,9.9441,0.000,0.000,90.035
23.48,0.00796,-0.00491,0.00394,0.0382,0.0081,9.5860,0.000,0.000,90.035
23.49,0.00559,-0.00873,-0.00071,0.5826,-0.0240,9.5745,0.000,0.000,90.035
23.50,0.00498,-0.00716,0.00299,-0.2880,0.3302,9.9934,0.000,0.000,90.035
23.51,0.00350,-0.01070,0.00594,-0.1659,-0.0420,9.7142,0.000,0.000,90.035
23.52,0.00155,-0.01008,0.00556,-0.3809,0.5049,9.9314,0.000,0.000,90.035
23.53,0.00520,-0.01144,0.00137,-0.6204,0.7404,9.8338,0.000,0.000,90.035
23.54,0.00627,-0.00454,0.00429,-0.0214,0.5176,9.4399,0.000,0.000,90.035
23.55,0.00305,-0.00908,0.00280,-0.2352,0.6734,9.8911,0.000,0.000,90.035
23.56,0.00524,-0.01746,0.00577,-0.1050,0.8007,9.5483,0.000,0.000,90.035
23.57,0.00707,-0.00256,0.00381,-0.2511,-0.0592,9.5463,0.000,0.000,90.035
23.58,0.00152,-0.00482,0.00685,-0.1753,0.3943,9.4256,0.000,0.000,90.035
23.59,0.00036,-0.00395,0.00523,-0.4335,0.3265,9.7577,0.000,0.000,90.035
23.60,0.00022,-0.00153,0.00116,0.0532,0.3151,9.5456,0.000,0.000,90.035
23.61,0.00765,-0.00610,0.00025,-0.1628,0.3003,9.6193,0.000,0.000,90.035
23.62,0.00233,-0.00623,0.00120,-0.5505,0.2037,10.2178,0.000,0.000,90.035
23.63,0.00258,-0.00919,0.00251,-0.5100,0.4561,9.7340,0.000,0.000,90.035
23.64,0.00307,-0.00403,0.00134,0.0919,0.1150,10.0277,0.000,0.000,90.035
23.65,-0.00051,-0.00530,0.00438,-0.2093,0.0178,10.0878,0.000,0.000,90.035
23.66,-0.00281,-0.00740,0.00610,-0.2386,0.4039,9.9473,0.000,0.000,90.035
23.67,0.00859,-0.00229,0.00017,-0.1707,0.4186,9.6254,0.000,0.000,90.035
23.68,0.00365,-0.00752,0.00013,0.2214,0.2750,9.8321,0.000,0.000,90.035
23.69,0.00163,-0.00937,0.00641,-0.2679,-0.0727,9.5221,0.000,0.000,90.035
23.70,0.00179,-0.00753,0.00025,-0.0078,0.4295,9.9580,0.000,0.000,90.035
23.71,0.00251,-0.00743,0.00643,-0.0923,-0.1974,9.7931,0.000,0.000,90.035
23.72,0.00289,-0.00319,0.00348,-0.1551,0.4823,9.9046,0.000,0.000,90.035
23.73,-0.00162,-0.00438,-0.00002,-0.3401,0.2705,9.9356,0.000,0.000,90.035
23.74,0.00331,-0.00449,0.00580,-0.0765,0.3641,10.0504,0.000,0.000,90.035
23.75,0.00423,-0.00526,0.00780,-0.0560,-0.0772,9.6249,0.000,0.000,90.035
23.76,0.00791,-0.00447,0.00283,-0.4794,0.4094,9.9204,0.000,0.000,90.035
23.77,0.00581,-0.00659,0.00385,0.2253,0.4373,10.2028,0.000,0.000,90.035
23.78,-0.00159,-0.00863,0.00044,-0.2529,0.4836,9.8224,0.000,0.000,90.035
23.79,0.00747,-0.00597,0.00945,-0.2912,0.8780,9.9313,0.000,0.000,90.035
23.80,0.00362,-0.00510,0.00409,0.0895,0.5861,9.8140,0.000,0.000,90.035
23.81,0.00256,-0.00557,0.00417,0.1300,0.0830,10.0303,0.000,0.000,90.035
23.82,0.00157,-0.00292,0.00288,-0.2644,0.0223,9.5191,0.000,0.000,90.035
23.83,0.00941,-0.00143,0.00596,0.1737,0.1903,9.9698,0.000,0.000,90.035
23.84,0.00516,-0.00759,0.00196,0.0541,0.1864,9.8160,0.000,0.000,90.035
23.85,0.00931,-0.00790,0.00350,-0.5323,0.3630,9.5895,0.000,0.000,90.035
23.86,0.00546,-0.00346,0.00575,-0.0137,0.2074,9.7106,0.000,0.000,90.035
23.87,0.00365,-0.00829,0.00366,-0.1302,0.3816,9.8271,0.000,0.000,90.035
23.88,0.00335,-0.00606,0.00582,-0.2678,0.1651,9.5791,0.000,0.000,90.035
23.89,0.00782,0.00001,0.00294,0.0678,0.1265,10.2164,0.000,0.000,90.035
23.90,0.00354,-0.00889,0.00516,-0.2698,0.4926,9.8388,0.000,0.000,90.035
23.91,0.00519,0.00038,0.00287,0.0279,0.3635,9.9774,0.000,0.000,90.035
23.92,-0.00047,-0.00694,0.00329,0.1433,0.4716,10.0682,0.000,0.000,90.035
23.93,0.00469,-0.00363,-0.00261,0.0634,0.3390,9.5326,0.000,0.000,90.035
23.94,0.00216,-0.00837,0.00367,0.0667,0.0601,9.9394,0.000,0.000,90.035
23.95,0.00640,-0.00573,0.00584,-0.2150,0.1581,9.5863,0.000,0.000,90.035
23.96,0.00541,-0.00287,0.00828,0.0621,0.2153,10.0370,0.000,0.000,90.035
23.97,0.00800,-0.00128,0.00176,-0.3285,0.0228,9.6777,0.000,0.000,90.035
23.98,0.00812,-0.01041,0.00595,0.2705,0.1991,9.3472,0.000,0.000,90.035
23.99,0.00537,-0.00467,0.00072,-0.3359,0.4024,9.7841,0.000,0.000,90.035
24.00,0.00578,-0.01066,-0.00060,-0.0632,0.2610,9.6896,0.000,0.000,90.035
24.01,0.00907,-0.00792,0.00527,-0.1949,0.4630,9.5353,0.000,0.000,90.035
24.02,0.00042,-0.00583,0.00014,-0.1416,0.1349,9.7693,0.000,0.000,90.035
24.03,0.00332,-0.00620,-0.00080,-0.4161,0.2304,9.9502,0.000,0.000,90.035
24.04,0.00504,-0.00295,0.00550,-0.2375,0.0496,9.7175,0.000,0.000,90.035
24.05,0.00886,-0.00645,0.00203,-0.4418,0.1084,9.4874,0.000,0.000,90.035
24.06,0.00506,-0.00532,-0.00227,-0.1894,0.1006,10.1063,0.000,0.000,90.035
24.07,0.00629,-0.00514,0.00213,-0.0204,-0.0048,9.8534,0.000,0.000,90.035
24.08,0.00105,-0.00137,0.00764,-0.6083,-0.1857,9.7789,0.000,0.000,90.035
24.09,0.00317,-0.00744,0.00316,-0.4103,0.3993,9.9487,0.000,0.000,90.035
24.10,0.00223,-0.00954,-0.00027,-0.2998,0.6411,9.9100,0.000,0.000,90.035
24.11,0.00636,-0.00512,0.00778,0.0020,0.2282,9.7522,0.000,0.000,90.035
24.12,0.00944,-0.00533,0.00461,-0.0524,0.4454,9.5680,0.000,0.000,90.035
24.13,0.00872,-0.00502,0.00535,-0.9967,0.0153,9.5953,0.000,0.000,90.035
24.14,0.00554,-0.01126,-0.00353,0.0034,0.4514,9.5758,0.000,0.000,90.035
24.15,0.00554,-0.00359,0.00129,-0.4020,0.2099,10.1532,0.000,0.000,90.035
24.16,0.00196,-0.00881,0.00316,-0.2044,0.7024,9.5404,0.000,0.000,90.035
24.17,0.00075,-0.00349,0.00496,-0.0432,0.1057,9.9814,0.000,0.000,90.035
24.18,0.00074,-0.00674,-0.00029,-0.2264,0.2334,9.6720,0.000,0.000,90.035
24.19,0.00529,-0.01029,0.00226,-0.3828,0.2027,10.0684,0.000,0.000,90.035
24.20,0.00774,-0.00033,0.00469,-0.3602,-0.0974,9.8476,0.000,0.000,90.035
24.21,0.00780,-0.00542,0.00550,-0.0642,0.1267,9.7279,0.000,0.000,90.035
24.22,0.00599,-0.00874,0.00085,0.2539,0.0957,9.9062,0.000,0.000,90.035
24.23,0.00842,-0.00146,-0.00117,-0.2014,-0.2103,10.0049,0.000,0.000,90.035
24.24,0.00453,-0.00525,0.00257,-0.1197,-0.3990,9.6981,0.000,0.000,90.035
24.25,0.00330,-0.00104,0.00055,-0.4827,-0.0552,9.4244,0.000,0.000,90.035
24.26,0.00340,-0.00358,0.00789,0.1003,0.4092,9.2868,0.000,0.000,90.035
24.27,0.00669,-0.00499,0.00347,-0.1952,0.5146,9.1443,0.000,0.000,90.035
24.28,0.00055,-0.00483,0.00499,-0.2458,0.1887,10.1518,0.000,0.000,90.035
24.29,0.00544,-0.01041,0.00053,-0.5056,0.0945,9.9724,0.000,0.000,90.035
24.30,0.00690,0.00087,0.00016,-0.5043,0.6369,9.8185,0.000,0.000,90.035
24.31,0.00199,-0.00445,0.00074,0.3141,0.0323,9.6818,0.000,0.000,90.035
24.32,0.00376,-0.00049,-0.00084,-0.1901,0.8537,9.5803,0.000,0.000,90.035
24.33,-0.00029,-0.00478,0.00514,-0.2596,0.0145,9.8230,0.000,0.000,90.035
24.34,0.00655,0.00106,0.00376,0.0028,0.2465,9.7124,0.000,0.000,90.035
24.35,0.00985,-0.00174,0.00461,-0.0275,0.1164,10.0257,0.000,0.000,90.035
24.36,-0.00193,-0.00796,0.00623,-0.1273,-0.1215,9.7139,0.000,0.000,90.035
24.37,0.00631,-0.01046,0.00351,-0.1468,0.6815,9.5303,0.000,0.000,90.035
24.38,0.00367,-0.00517,0.00441,-0.3114,0.8324,9.9582,0.000,0.000,90.035
24.39,0.00503,0.00073,0.00222,-0.3305,0.5045,10.2946,0.000,0.000,90.035
24.40,0.00790,-0.00368,-0.00037,-0.1582,0.3072,9.8113,0.000,0.000,90.035
24.41,0.00078,-0.01445,0.00419,-0.2863,0.1562,9.8373,0.000,0.000,90.035
24.42,0.00442,-0.00339,0.00007,-0.2108,0.2373,9.6285,0.000,0.000,90.035
24.43,-0.00201,-0.00903,0.00444,-0.5201,0.0341,9.8875,0.000,0.000,90.035
24.44,0.00574,-0.00350,0.00575,-0.1524,-0.1182,10.0212,0.000,0.000,90.035
24.45,0.00273,-0.00419,0.00303,-0.0097,0.1779,10.2569,0.000,0.000,90.035
24.46,0.00685,-0.00769,0.00146,0.1925,-0.0281,9.8540,0.000,0.000,90.035
24.47,0.00108,-0.00052,0.00386,0.1034,0.2126,10.0825,0.000,0.000,90.035
24.48,0.00509,-0.00390,0.00185,-0.4691,0.1409,9.9705,0.000,-0.000,90.035
24.49,0.00021,-0.00748,0.00201,-0.2777,0.3410,9.8058,0.000,-0.000,90.035
24.50,0.00373,-0.00809,0.00614,-0.2220,0.4013,10.0250,0.000,-0.000,90.035
24.51,0.00349,-0.00463,0.00311,0.0171,0.6507,9.5346,0.000,-0.000,90.035
24.52,0.00074,-0.00257,0.00041,0.0791,0.4037,9.2740,0.000,-0.000,90.035
24.53,0.00750,-0.00781,-0.00301,0.3366,0.5489,9.8316,-0.000,-0.000,90.035
24.54,0.00335,-0.00768,0.00898,-0.4060,0.5130,10.0037,-0.000,-0.000,90.035
24.55,0.00500,-0.00486,0.00319,-0.1120,-0.0276,9.9043,-0.000,-0.000,90.035
24.56,0.00174,-0.00508,0.00427,-0.3999,0.7010,9.5683,-0.000,-0.000,90.035
24.57,0.00707,-0.00443,0.00425,-0.7650,0.1495,9.7900,-0.000,-0.000,90.035
24.58,0.00475,-0.00357,0.00733,0.1074,-0.1238,9.8620,-0.000,-0.000,90.035
24.59,0.00830,-0.00920,0.00919,-0.1575,0.0673,9.6536,-0.000,-0.000,90.035
24.60,-0.00045,-0.00655,0.00593,-0.0079,0.2467,10.0344,-0.000,-0.000,90.035
24.61,0.00074,-0.00768,-0.00089,-0.4059,0.5207,9.6218,-0.000,-0.000,90.035
24.62,0.00422,-0.00509,0.00423,0.0451,-0.1937,9.9333,-0.000,-0.000,90.035
24.63,0.00195,-0.00659,0.00193,-0.3006,-0.0360,10.0791,-0.000,-0.000,90.035
24.64,0.00978,-0.00156,0.00493,0.2710,0.6075,9.7884,-0.000,-0.000,90.035
24.65,0.00306,-0.00435,0.00460,-0.1952,-0.0440,9.6837,-0.000,-0.000,90.035
24.66,0.00506,-0.00641,0.00167,-0.2385,0.2176,9.7358,-0.000,-0.000,90.035
24.67,-0.00140,-0.01111,0.00543,-0.1299,0.2060,9.9372,-0.000,-0.000,90.035
24.68,0.00183,-0.00523,0.00089,0.0934,0.1571,9.6707,-0.000,-0.000,90.035
24.69,0.00354,-0.00461,0.00245,-0.1861,0.3316,9.6118,-0.000,-0.000,90.035
24.70,0.00303,-0.00536,-0.00041,-0.0028,-0.3087,9.8187,-0.000,-0.000,90.035
24.71,0.00140,-0.00492,0.00005,-0.1095,0.1401,9.4611,-0.000,-0.000,90.035
24.72,0.00294,-0.01048,0.00591,-0.1246,0.3983,9.7169,-0.000,-0.000,90.035
24.73,0.00686,-0.00632,0.00050,-0.1469,0.4269,9.6894,-0.000,-0.000,90.035
24.74,0.00867,0.00072,0.00184,-0.2939,-0.3945,9.8127,-0.000,-0.000,90.035
24.75,0.00617,-0.01155,0.00883,-0.2428,-0.1560,9.6708,-0.000,-0.000,90.035
24.76,0.00209,-0.00755,0.00625,-0.1800,0.0359,10.4196,-0.000,-0.000,90.035
24.77,0.00659,-0.00774,-0.00081,-0.6515,0.1524,9.9997,-0.000,-0.000,90.035
24.78,0.00855,-0.00650,0.00684,-0.6029,-0.0274,10.0410,-0.000,-0.000,90.035
24.79,0.00555,-0.00597,0.00304,0.0174,0.2458,9.5354,-0.000,-0.000,90.035
24.80,0.00103,0.00211,0.00350,-0.2959,0.0648,9.9237,-0.000,-0.000,90.035
24.81,0.00264,-0.01076,0.00990,-0.6275,0.3951,10.0799,-0.000,-0.000,90.035
24.82,0.00395,-0.00738,0.00326,-0.5745,0.7616,9.8286,-0.000,-0.000,90.035
24.83,0.00958,-0.00809,0.00528,-0.0097,0.3221,10.1317,-0.000,-0.000,90.035
24.84,0.00985,-0.01042,0.00396,-0.6516,0.7114,9.7705,-0.000,-0.000,90.035
24.85,0.00213,-0.00369,0.00233,0.0606,0.0464,9.7655,-0.000,-0.000,90.035
24.86,0.00251,-0.00898,0.00209,-0.0032,0.4363,9.7584,-0.000,-0.000,90.035
24.87,0.00035,-0.00612,0.00117,-0.1002,0.2839,10.4119,-0.000,-0.000,90.035
24.88,0.00229,-0.00601,-0.00308,-0.1628,0.5224,9.6382,-0.000,-0.000,90.035
24.89,0.00707,-0.00807,0.00489,-0.0098,-0.0298,10.2076,-0.000,-0.000,90.035
24.90,-0.00007,-0.00850,0.00241,0.0227,0.6363,10.0796,-0.000,-0.000,90.035
24.91,0.00286,-0.00665,0.00117,0.2344,0.4446,9.4788,-0.000,-0.000,90.035
24.92,0.00927,-0.00334,-0.00121,0.4060,0.1605,9.7086,-0.000,-0.000,90.035
24.93,0.00291,-0.00405,0.00921,-0.3102,0.2042,10.0208,-0.000,-0.000,90.035
24.94,0.00186,-0.00717,0.00251,-0.0924,0.1951,9.8217,-0.000,-0.000,90.035
24.95,0.00333,-0.00398,0.00523,-0.0868,0.1363,9.4699,-0.000,-0.000,90.035
24.96,-0.00195,-0.00634,0.00451,0.1897,0.1459,10.1233,-0.000,-0.000,90.035
24.97,0.00621,-0.00327,0.00157,0.0756,0.4661,9.4566,-0.000,-0.000,90.035
24.98,0.00492,-0.00490,0.00308,-0.4005,0.4595,9.8535,-0.000,-0.000,90.035
24.99,0.00267,-0.00648,0.00007,-0.4587,0.2512,9.2988,-0.000,-0.000,90.035
25.00,0.00572,-0.00641,0.00378,0.1396,0.5966,9.6836,-0.000,-0.000,90.035
